003bf69d1b44e20f50a3a42f266c7652732c2900,
003e533f4a6d639d51956b16bb1ba705a247cf5b,
00401b7583f59d666651cfcf45acfff8f6bfabd8,
0050bc8a8abe2aeba93d4107bea14ce50cf4443d,
00524b1a58c58b83837ad5b635bbef627b17a154,
009ce5a995008af230784af9a3b712b756e1613c,
00d1519a8405631f2fa2ec370c62cc80d6325a75,
00f1163d1b445a15e066cca7f8a6bf1823d0d8e7,
00f2222fe0dcfd179d77bfd1603f097140473ea9,
00ff3107d289ded4d604644019bb0b168d60ab33,
0130008ef475c74c0a8f16e6629edaa099ddbab9,
0163b52718594fd8af57600d44c0a2f54e3952b5,
0173927531a1a2600e9f4bd547795bc7f8f91257,
017a5a459077f4de8bd7e80b6740757dd0b07e0c,
01b967047b964411d31bfa618e1a19b398df92c5,
01e944ad9cf55ae474d522ef001e87bb0077c712,
01eb924b02c039940834b4a4b60636b671cd208a,
024a3be9ffb0f43695a2105b1baee6d33686470a,
0253a067d2b456f6f2fba20db79ea02fdb08a201,
025ebe207235653d8a2a0830f488cad1e8244f9d,
028e26a8ba08664470aff396437637ba54f66793,
02a01cd0f0b73cb5f6c4e580ba2a9f634d03f6c1,
02cca0a2e4fefed064dfd5997b0905663506d790,
02d51161d723768717a2f9f81fb76a973ace803b,
0318bb6e09fe9d198675600ee2b3e1f3d5931c6e,
0319f12e9c157b67a2d35f5b8851918824d0e45e,
0335582e01e36ac8499255e9639215c5af442e86,
03573c2b552208124e5cb6de4914a0e03b63cb02,
039b8960be424fa5dfa2d000a5315bc9f8a301c1,
03d6f32b07a98ae263091d723c4f8d14f5cc0bf5,
03df315e8da4f5cbf8a1936726aa5656547b0731,
04035ac45ee1a7872ad3138013a146edd2033eec,
040694b61c0be9e36b86eb9a81334628d7d52073,
0422ad22c2f31c256317cb0043f72f7867b350fa,
04371e4cee780857ae4d2dd7783aa916e5cdfabb,
046cf39c1ff3c3523a2f91beeec0c6f4339ae636,
04954b82acb6f9bd00723c3007b5ce94d16a97eb,
04c011143b138d89cb067bcd5ddd0e0c6bbd7c7c,
04e0aea974f6eafa69fce46ca8b1faae7872f0be,
04fea8d18fb59489b39c28be49bf4649ed206f18,
050a86211f733b4d24ce64148fc40d1a8eee10f7,
055d162ded3c4dd517d98d7e08a20d51f1f0fe85,
05817ba15da5f8e8b11b6188b11df64e48ab48f0,
058708f3fbbf910ef32d1f9bcb01bec1bd3064d8,
0594d6438ca2e603e9bb1f32e7b1e05dac87809c,
05b7544ef3b7b381176b4d2ac02b0b6b09b7a5ce,
05c3cf34995633714902335f4f795b145969ad89,
05ec431a4b177b61f6925575f546d11c8fbd96a8,
05edd68356d6ee17cf932c75d2888d11e6ca28f1,
0603be64705277d998ca28c3756741b9214b7487,
063cd0188d595528a324f866dfee903fcdd8020d,
0661ce4de6dd8669fc4b3f714517df104c1645e6,
067235503820f82a1c56fc72abbee637b3527451,
06732ac6a7f23533d770dd40b5a7e7911c1d0e56,
067d4822c170a5b5cdfd795a01b1a3ffb38bd4e2,
06810553e7d84beed78294dcd5039354ba60b0c6,
069f7d738f1db35f6cbe8a86025bd60de39f206a,
06cadf6e8b30dfabdbe83e6473370a5f3a37b757,
06db8cba1fec0f49b8d2d88e780870d0fae6b105,
06e0b5a8b34f090e63ada6db5b51fffe9e38e856,
06f7b1904d9736fdf65a897c9c57e2c8d79b7fb5,
0719484e967b825219a7827de368e1ad3cba362f,
072b16b561ad51bd99ad842af7602e186272552c,
074b06f98be0bbca60e6cf1db5f9c181a243c5cc,
074dfd4be8f1b2a0ce156d258c55330ac98ebc81,
077249b848d69502a87b44965f6ce7adf5ad505e,
077bdd9ffd63907b74b288050b24713ec0c65b6a,
078cd822453e7c15b05ff48df418bf7bf3aaaf18,
07a97b02cad6b6190b87193030493b7402ca540d,
07b131a0237696e7cf3e9d3a2ebe8a259ccb5d10,
07ef1a14d693dc87c060eb1e8d21b7c2bc00cb90,
0809df03dc169218559f47fa863e43b712dda4d5,
08146dfd8c8a149b444e268997b78756899deba2,
08471ce68a9758c59de495018370fc08e4afb42a,
08a6eeaec8a3cf0e11ae0671b85f4f30f071f173,
08b9d725b65ee4b1f25404023833738fd3328e1a,
08d061c972a97d71c811a41cc41e8e313c693884,
08e68514d2b88cb87b76f103820bacc4e3f2852a,
09343139a02d2264e6b74c3204c6de70d993e3a8,
093cf8d2358e0400e367d774430517cfb1e0d3a2,
094e96c04c82257004eddc25ceb80f2974017c5c,
09662c28f15bd38cf368828a797b686a37391166,
096f98c62af9a3d437c0579bb3b54b4b8082347f,
097e0b94089caff4850715c34e6335d846a548ef,
09b4194803d491afe1f90859f9d32ab649d375f1,
09c80b959990e781a835819b30181db460c1fe1c,
09d70275f5f0a47696e9f7d765ae0f027296b1c1,
09e874560a9e29429d24145de3b5539216a8fe03,
0a06e4a9d2aaa7bafa78ec117f2d241fb45732eb,
0a5e5a243ab66bf367c637df34894faa98cfac32,
0aa5b40e69becb025a94892f323684d5ba4121ca,
0ab6a315ac2d4567242383c27e2fcbb4648888d8,
0adf5602760f912015f9ee813f306fa17c568216,
0ae429c073d6897430975dfc850b85f8f69d132d,
0aece638b70f8b5ec658e8716694a91f5b9b44ad,
0b0545f7a18a9a5a4b0e2070de607c9f1c5d5044,
0b125c91012d1a022f0df9de0efa20a17af1ec65,
0b65b3bf6bbc5168d96de1519a193ae5be0bc091,
0b7b96118692029255e016fc9c997ad54aed8723,
0b94c84fc87fb0751d3557825c321b061661581f,
0ba10518dd624f61589370d481c6a298aa52c6b7,
0ba4a077534df1e00aeee3857db7165fa2389620,
0bc0a9f4729e284ec24db54deb06ed63ced30146,
0bc429f52dfd74366e1f92c6caebd558545d3ecd,
0bf79d623ea42946c98d010677b878a64cf740e0,
0c1c0d4fbf5130f259c9125f2fecbb49f1c431a4,
0c29c477a3e79efd81b7aadfc7c483883d89170a,
0cb917cd53d10eee1b56af7dfcd76b97398c4d51,
0cbdb485fa51d21a6df49a148c1622882a77a9d4,
0cfd72cc50b5bbacf11682114ec6c48bd15af3f0,
0d2a043184788943f677b88e2ee7bfd6c7e65961,
0d47c856bb7df5e8d9a3acbf5724330947bda314,
0d877e8557ff6ffda24559bb541239b18a9bc0f4,
0dabb861df43c0446442d8236ae2910a562342db,
0dfb8181dfc6186d6f9b5544f84e3071c6a44b89,
0dffc27ea480416373e51e75448d2a8c38839b01,
0e2a1407ac1a8aaa8f36736a90fb57a852e34b0a,
0e3abc626c9087e163b47cd1a71a7d1238490eff,
0e56a7857d8cc63f25202097e340f2dad23e1c35,
0e9dbe189c745c5e604bba9381d9e9f23e17b2c8,
0ea301c36f4843be5496bb4172f6db9ca79d26ab,
0eaf5cf64463a772439877d46dba2241adab891f,
0eb7a828a7d83839cb14cac45546f24399089da2,
0f3a684c3d4210c9500f11bcac57d284aec9fd52,
0f3def7e94b8658252ef6ca172d4c70086fdc226,
0f43e1dc8df1cc9e8da63068d0e5ac4589549bad,
0f51cccf0ef6f204dfe5cd96e7f47b639094ef0d,
0f7bbc9b0298b8bb1cce4f00d76fe955d3e94867,
0f965613045c4ad7881e28745afbfeb63aca8042,
0fd0b76d220c924b796b5a1585150f2341b466e8,
0fe7eb6a9a8922fc7fcf89bb3f34447a9303dee5,
0ff68c04e7d5f0b33b43193a28348e355c8c7d94,
100ef746be9cfdbb754c1a7d5161c9670672ec4e,
10235a00cb63c56ccf165b7ef56090894bc6f124,
103c1ac33151d537a757bc56d9589cab58cb1e11,
10778f439a3fda9b8f28685b2e2c60fdf8e3570e,
109758fa11eb97ec980f46245b40d72dc390e34c,
10a6a24973e7cddf03a14dc1643526fb786e08ba,
10d59f3d5dbbac12ce99e214bbeddd9fda952f91,
10dcf74924df66a05a74a2f0566b8d05fd9dbeda,
1117b47d97cf692712c4d1aa4c00e72d7a9667e1,
113028eb8c37649a05ae22f47fe72e1d249d915e,
113bc3cab03e98d1b79c75b892a3f791640523b7,
117ae6eae80d16750ada5cc68bf8fcb76f575dce,
11c61e7cf69a370ddda1d2ae9f10b72219c1ed47,
11fc71c7d6d943c59e17ca9a20829b52e5ce0736,
12072c45140da789470752560ba4156ec2d88241,
12209aad972999481f0ef2e4126df9514f8102a7,
1220a5821da4b0595a142f1ec84d797a3b065b3b,
1221496cc870a9ad1c6caa1bcdfb304e154f5fce,
12365b149c604574ab583f58b45ed725691a4528,
125b29a6d73e200bcfb18fea1b47154887b105a8,
12890f6e9c8efe079021687f8b2cb94998a2949b,
1292b05c156f5109043d57e41ceee09b703f4b36,
12ac24c6b7b12ba7a3a58cfe7b2890c4add4443e,
12bb1493e9003f68e0870576dc96f875f9042dfd,
12cdd4463f674dcb1ec0b987d5f6486d90197d02,
12d7d1a02e123a18674690151b68d8aa0680132d,
12e2671bb0666babdc47d344b1c185798c8deefc,
12eb4df10aecc20ff3a60656cb88c0bb42d25485,
12fa3b6a6caab8b69a68253587e873b55a2eb8b6,
1317473ae1be244ba890c438e82ed8883ca39cf7,
131f99f35a9ca95b9f6abb5728bb05cfab44382c,
13216d67276e71a1b7522be1ea2262277a27c0b7,
13322dfcb2918ea1411c82ebe610f81a9cc6f23b,
1349fa4902f811ea699ee41e7995457f3460d9b2,
136bd75e5a11b0b97ef82caa8be0605332f56a2a,
136f250d910aacea4d3961e11e0e85995194cf26,
137af291c57deec03c4573c3c7e5668957d9c260,
1393b9e9c983659d7d3074729f598e18f51e8444,
13c5d23b5537c45425e1807a8fef82cad55b623c,
13caf3c82264d31f0aed8bff0d6578a7da825015,
13d11b9a7537145644223f6f570088c3dfdb579f,
13d6aa40368be7d78b0349286556d349a60e69fd,
13ec87f8d8d19b0f9f0da2a847fbc63920f0debf,
13fe20e81875b75d81903273ebbd02a4c393beb1,
14af49565eaae3b7ad9f2e6e9242d59266652297,
14b302fec86fad5c47c0cedef0997167099abf5c,
14c06c14a9182c62db49da2062f17d15c2b8a576,
14ff8020af616973ba0045014267935d4d4d98bd,
150bfc4697a1c7563fc3d271ac6de3933aa6c900,
153470bd0b5ebc43c6d8aae77275084ecd6d6133,
157e772a80ac48ee82c961892a4f66b54ca59eb5,
158929d5e0865918f82ce3fe482ef45d3b20f5f7,
1597ada2b1a4cded6ada6bf00411e27d51421ed4,
15be42a2bcbc15a7e2b1af9d3a4efb0c91330efe,
15c46ddd2adfb73aeded73b52a019ebda74b0cf8,
15cf01c1165186efe18101b2e1ea2b9f3b6a9c77,
15d88b32ad15562cb2749952e32f9ccfda63f255,
15e32315f65525a3cf0b24c71e9c0c296caa93b8,
1623b89a5fff81a918b0d89b4a3e1b6b0d889c88,
1638313148ad53c219e3e8c4cbe6bb545c6a0fc0,
165efac1179002423702e060ddfd52c0a61bd34a,
1669fb7522c1da383eaf020a810937f1db2d74eb,
16897bd6ff2de6cf9e5c456f6ca4356519fec38e,
1752b228e0f112a544da401b76782a885fd6beb5,
1772c35ca17cfa2291dad3d78a6c99c4631985cb,
17c2ec1611199d4f6722aa3efa7b56df308a6009,
17e95734fd902cbdc6ba1074e541e32d0dda663e,
1839ac5c7c470040271d3d26a5e07701a576f219,
18501402eb53482682c8a55c422192fd52bdcb27,
18628c4cb206ff82c7e9f90f3d6f6eed3c7a9e39,
189a7d1ef4708b21f17cbbf6e1e200a8712daa93,
18ae66cdc3f958509979fe6b40c9a525c6462ff0,
18c21e7ef7d164e7e9b33ec5490ee31d9938e35f,
18cfce2968c58acfa798603185bacd20ee9812b7,
1905c532a28d39213d9d496930102eea120a4586,
190b098d26978829daee3c55bf8f0f7460398e44,
19110a5eb5a5bb59588b19814653f9d14500cd5e,
1995701c62a12531e53b6c7cd7495b06a70fa281,
19a402de08088d111214f5cfda5624e2c2b7d6c1,
19e46663be8ce4d37356d09d8ec846b8d1736d33,
1a302ac652fa6bd833acec5ad2642d8a5ed8bf7b,
1a7b52ca376bfc0b6b81e441e9509917c06422b0,
1a83501ac69c5f2b1387f16a2ed8deb81aed02e6,
1a8c5e8c235a742d68132492c80e5405080939b7,
1aae0e22e68d5e18f72e3921cf3a31625645aa8e,
1ac76618d00a5f56f4bb2aadd91c99d0415ab79b,
1add786fa360dfdd33277a817dabef3d24780e9b,
1af4da1bfa68097eff55973eac3d85d28c62f9b2,
1af6cfb41ca01913d44ebd8d2b7dfb1fc57f1039,
1b12b933f5cc2bbd3396b5c8f861604a81122c51,
1b65bc274dda2cf2c8bc3a423f95bf5b496a2316,
1b8947b6dbb105c657f5050acc493b2e5029ddc2,
1b9ebceef002ff21ba3a8622064b0ef403237a8c,
1bae5d5e9484acc0d89a7676b3157a1c2dbf6123,
1bb4dba7054066eb1f8136ead5b94ab03aa9d089,
1bd75cdc41619690b23e543b6863f8afbef56722,
1c090e1f23597cc254134a0851a7e86ad519997d,
1c217ebac9f188da2adfc037dea3b3c35399df20,
1c4cb54c888c3cf5826d02db78ad183d9610095a,
1c5e50b949b67f909ceca4c1682148a934f38803,
1c6e6a3a61f7ddaa7e9ba76425273e704033d7c9,
1c7419d817320fa22c0f5810de89534c6c483051,
1c776334d2ce3f12a73e2c8f7e1d8af566ffb11e,
1c78e1b549324d2283bd3e0d21f1b71aad8fa434,
1c8fd0995babb352a2940ff5c964fec11e57855a,
1cb3f4c3ebd4b84e16e8fcb63b7cf8c886cdea1d,
1cb9081f4e66399d31822b1d2ab077167e215a59,
1ceb95e9448b929e19fb09b94542539b38ce38fd,
1cf8c3d6ba22321da94d709e2d364cd87d3a50da,
1cfcd7f8356820e36e2c280e9501b7f6fdee33bd,
1d4b3fbc6fa047c55af731b8a67fb127280e63c3,
1da424ccb4ff20c3c2d998f3a20c8ecbe6b094df,
1dae32383fd561c9f25550bba6395ff89f482c9d,
1dd0d74e03b3a8193c872c3c8a357ba3f86d5fd1,
1df81b89dc6b43f144803abbc36657e68a88acd3,
1e1968d7d791f3372323fca08dfad8af22883024,
1e35bc67d26764d2383f69606b5f0b80ddebdee9,
1e3a06e929d6f2324085c9040330cbd7d24c8fb5,
1e7e1a673f7dd74c76f64820050ef0c8d1c1666b,
1ea00c91423bd41e3e788190484715ed753de867,
1eb5c8ec7cb6f6ca17717f337964ff4258593d5a,
1f7f8010972d9d16754648079dd87e438c63ef8e,
1fe88fb3a2080aa454c8cf8fcd9a60bd9ff01ecf,
1ff11b66ae70385bda582e04bb3d0773541b61c7,
1ff6dfb79c4d3b66f298bf54f3000fc03320d007,
1fff0ff7444a4489287079738fc1460ebf2383d4,
20040048e85a728fbca05100491ce83886d65b18,
204334ee6a078acc52b1cd8841bcc19abb8d9505,
204e835628f841b88bc99e216868dfbe4897d5c4,
206b25506a8b037125972d7aa5fff8b873c35403,
207547893bef5d844763868093385115dd4c9c26,
208984aaf5331da38ca702e576d02de5977b5306,
20c8d41d0ed2dec55ea7925e288ab5365f8337d1,
210f631067eca7b028b3d577c79f9721731e391b,
217f35611d86b2f99459657904cd8994433b7684,
21c133b0a1e79ad191d97ccc0fa93f341577c854,
21d6d9f1bfa1a22ec943ace011ff278d4cfc3b34,
21edfc65bff1076e7906f51a4103057812fa8377,
21f2ec3e44c75dfe23b92464aa1f240a6cca4c26,
21f6f0e03b59c5084d103a59ee945dcc89e807e8,
2213b281c1e859823c8f5c2e2f5612640506abcb,
22479ac32638f1027c721196ac7e80c402e905d5,
22572c7a040fe1caec8ff41a37547c350a7e96bb,
22ac9645d0eb5f83a23a8c1daae0d31ebed5a4a1,
22b3a13150f60ab7f25192de1340b3245e8ef7a7,
22ceef71fff15cc891a4012b7e58b3a156b7ddba,
231bfee83568a538e770a683659760d0bec9c1c4,
231f12c545143bb27e133b6415bcbb0daf115cfc,
232d3cc23192bc059d230ca3ab6370c557cfa5e0,
234c0018cc0107e576fa27dc5413d977b2067939,
234fa98e436f19021e1f941e10ca8ed88391a4ef,
236af31ed88091b7da2fc08cc2d8eb1ef704d34b,
23b646b949de9c5f08954439b1a2c5483b684e2d,
23bc05fa8d9ef990daeec7f97d72c4fbf3384609,
23bff70bbbc2fcc03347222ba16dd9635078e444,
23cf15da298bd9c9a7b1967602546a5993ea4421,
23cfcb478adee6684e498e88a915d7065aaccddf,
23d1e0db3ec015d416f715565e9acc259f4333bb,
243ec858b6f84a50e57364a3ce27377c5f30799d,
24468aee749a24d43f06334086cc7a606557dc31,
246557e546231ec8169f8d1b1c048c31bfc03277,
248529fbf61fac491771c48edf0911f26a0b21ce,
248cb249022b2d0e8065acb491fe56aa2bcdfe81,
249757e038eb7c66b45b133aa77b30384acfda37,
24a0075686da08b31115bd3b8782925e902e4632,
24b029313fb3a6e217a923406d3fa49c966cd59d,
24bd20b413768a6411c5258be3d4f2c064c45e59,
24beb2966f167b000222459a9533a1b6686cb33d,
24c5c5fc270db1dee5be8667e408106e660eb019,
24e5fa169ea00a3b2cdd8297674ae9cd919b6b74,
2507f3b5265e2bfaf2b5b3b00518f2e226a43ab2,
255e92507b26d18796912c4bd1524c9155c9ffae,
25680afe29ab9e9ef47ba1f497333f101d5083ab,
2571e3bf4277537a2a4c020a52adb058a525955f,
2572eee019e08516ff9fd7100e0a3805cb223331,
257703121a83bc93fa837eb56a946fa7478f8948,
2586cc179116803e01346b876ea4f47852932f21,
258d827996df6d8f3370f00e402549ce42db23f2,
25aac7e2eb207772208794bbfd4f2d79f7109f5b,
25c806162ec8b92021f8e3913979b0b495ef6afb,
266d344bec9ac6dbd2de806c35c10b3027457ef6,
2671925ca5b2017d4bea51656fd0b23c24d54f7f,
2686454850d0276860cb3d4738a9caef34a9c516,
26d61f565ef69dc22283d0fe46dc0fe57d9a27fc,
26e18f854825569fd1c8bc4a0bc3e24a62e0a48e,
270ee9efd52e24151b8de4ed1fde6480f21bf389,
27305763347543a0fd430f91308f14bcc02a21b7,
273f666112caf15cf2b85cb612c007a9766e858c,
277f0ba1557f93ed7209f99a4fe69d7eb1dbe57d,
2790a1eae3ab56e57aaafcf277c1bfe8702193fc,
2798d0ec4151bd4f25ef5ce8d36e755855fbbbc9,
279c4a274a794e1e126ef78203355611a2932ee7,
27b1b15230d244f4704e4768975492b6b3fec4c7,
27bbf0d863464bfd0300f2c68a48a28d2a59b835,
27c3ce790fd94330ef9ffc4d76106a4db7b805d9,
27c8ac11de983a6210172713512c3da9de8c9398,
27d01f3d5322c7d80e2a9f82f14f757bc6b3b24d,
27ee243d3b9d110cfc11fd5336f8680c364823f9,
2811eeda5db5d8bd4dec0ba1ea9cfa6818d3fa2a,
2819731c742c8b488c23d42901878c43c976862e,
283f7b80d9640c1d705957101ffb7cbecee84ef1,
284fbc42dde545b3476d4a5dc28c9ffb79cfbd31,
285d75ac077f9230610e44857833b77b42d6dbd7,
2875d56593661dc9bf967bd405d2c1950c7e3a0c,
289a109d05441ee139466214c826a28560f9d2ae,
28b1e513321850127b83db77e237222f091ceb61,
28c540915c0e163292d83e84774456215bdcb61b,
28d14119f5152d2b3aeaff30f47efc4eb9a98689,
28ece287e120c3424c6e7a68b8a859ecce1eac45,
29284e1e5fa3e8c8cae73615468f3b605d55e726,
294267b49593277f87a7dce00c515c13ec0d410c,
29604284b816239f9db249502ea41e7b265fe16d,
29810a4822cef84d5474f7deb00e5670ebdf6366,
298ba4fb0617a53860d05d16c7d3bcefb3d1b36a,
29aaf6b8a698edb07d16e41f06e9a1bd92623a84,
29f46bb0251159298307b8135ec50315211d52b9,
29fa4cdd3fdc718fbd7301a2a2c77e5c8e1eea16,
2a0e35670441668209469eaeea0cea206ef02700,
2a11f335d584211e9135ad4c7645e7c6c2f45246,
2a3d2928af84d0804584b256ab230ba1958a86dd,
2a988943fe42f8a25a96b0ea5b612e612e6f17e6,
2abfa7632b3a23c4e0fa573a1656b2c572f5d90d,
2b24a6f0d704559a28cdaedd83dcced108e025fe,
2b3b850ef56718847e70d98ca35d942a00ac5480,
2b586dc4ef059f35beb9022f42ffd8076e67a3fb,
2b5b72a18455c113d45bbec52f23bf6cad054f39,
2b5cc9dbafc0257b13c51774c34ad94c71c18835,
2b87db1e23bd6512a3fc40ea30b33c8cccda77e0,
2bd45c48ebb9c8172deb8de90baa95e0aa4201d5,
2c01d7ecd3393731f0b8adc102b810a546ff84fe,
2c194f207fcfe817673962e76cdeae8b0c427996,
2c2da0fd59e07a26b3359ed3e6de92fecc24ee44,
2c634e25c419e1fba33531b860e6fe49d2cbf9af,
2c86cbca607919e846aece06cd1e138d36b0a801,
2c9f526736408fc8548047c2bbf2c9f0c89172b9,
2ce8245fa6e25474adca83d9e12ead721655bbb9,
2ceaa19650940459a8d776408a27a697c2beb0c6,
2d116af683127c55f600d3e95e5364b06ea79e67,
2d22d1e421687b5837e852f7e4c0af88d50bff3f,
2d262c34ebdaf117fdeba2a8524de5ac342a9e0e,
2d33aa44aaf556715acab17ca72d8f22567fb416,
2d36c951d4b86d356f4a5c91c9b055f653f7590a,
2d37da5baa5347338d8136370312e6eb795f4926,
2d3abdbed139b3ec80d9f7d7127f182d97fe49f3,
2d4677a72526c7bac116f71cae41528dc6758a65,
2d73eae9c45ae015434d3f3bf6da098616b33f91,
2da530ee12369d2cb31b2ad0c10ba143bdd2a921,
2dabda2b573f04d6157df53e95fc34a822bb1f5b,
2dc1ad6fe95a77112bec84e53cc8f180f774961c,
2de2415ccdd8c99e6a612dad534ab02b69f87318,
2e193ebaa76c730a7dc1c19b28443623331c5ad5,
2e2ceea7cf201dae62a9cf19513cc2142268ae3e,
2e70d09663dc7e0b57f086248876739599a4c150,
2e9ead6b523e8ff86c787a4097c3c3a986c3c4a0,
2f13a6c3949040d699783802fa068028bdd108b9,
2f3a72ed206f58c6d45fdfda290b0e84a746ec64,
2f5de1d9af1518b937209e62503daa3c9cd61122,
2f74e5a5b27cd5e7a4c508446e7f69ad7b11420d,
2f9948e9a30df83abe6332723014e754d351dfcc,
2f9dd656296bb45cdcec570938c17c2366048ff5,
2fa086cc68b875d467ea67b1cca77b3ab5f1a13d,
2fa9df996192ba4b3535ca22a67773833e287ad3,
2fcbb487dc6998c109f795ee852733533b44b0df,
2fceb75720bca10f0385867ffd069cb2553f7e49,
2fd67790070d3f05e6d624ec4aa092ba0d91d151,
2fe0200af1e468766e0b85b844aba65b923b9706,
2fe7bd7426624bb2aff7628d80f9644016acc7ca,
2ffe6b670b5a8f9d7d0e7bda95d12c837a50792f,
300522e4e8df0aedf609c4e8b76597b2b82c0f92,
3023e165ac6cca83859c1baf731a18abc4273cb9,
307df3a5a39949257f80e960d0908ee3192383e4,
3089e0c7f9df18289ffe4047be948516b4df18ee,
30cfb145e2a9f63384e400843c632a24ea0fe1f1,
30dbaeafde239d45415cc24138e356b553fce6f6,
30f18a849fb53fc83a33ceba624df1fafeed05ae,
31007795847161b8e80cefa5f1cbb2069e60debb,
310838d93a5eac697eed3bff633d10a0067b6946,
312ddf588dc797bf253ce47e6f04bcf98065d5ce,
3142750b0b853ea49771b2c3fd5dbae99553fcb1,
3147b6e753f065109785edee56819a761281794f,
316538446ac3d2027cf6719d81ee276ae026c20d,
316ebb30c03585172059b526bc049729320234fc,
31ae98c199840d81bb1f1d3ea3e3137559b8d386,
31b86cdab53ae031b1fd37abe8ce37cbf699fdd4,
3201ebe455897b985705c083f8a4bfe81af1eb6f,
320ae96e62a03fc6890cd47110e0ceb6763e9c3a,
320f2a62064a44365f0de47f0b436b3f539b5d54,
321fe82a27f46295ae0ae96c9d03659619a8a756,
3220f0526601daf9b1de1f79565b6f194702e346,
327cd4402cdb704f30f246323e3e4a911434d439,
3285a759aed9d11b11353eb83cdae707d739ac0d,
32bc565167e61b5b062361d918d366a1d3b1d8e5,
32d3ab1ac155abf42183633e965ddec61c7c4df0,
32d9731d845af5b2fb2fbba2fa77f2d7b07dfa11,
32e3d236ca9aa87064f5235cc9990fc1dc5f45e9,
331e51b880361d19c1c685afea1716724efc2365,
3328ff77242deb545a63a71540e61f38500a5d66,
334db77d43cc72af68a367d7003b8d8644490a14,
335e0722317ef92ae90faa7bc9983a94761c3671,
3387a1819ea0314cbf1879198d375dd38597d622,
338be1daa551c91472ffa9454517784536fb6e51,
339e83a168bbe1215bd0e83c821a1e827ee6e19a,
33c47ab36ebe7ed915954e3c84f6bf2791e55bf2,
33f0c2104cffa1ca03679d1b920f5ad514febec6,
33f1104ae4759296ae9f7cc1601ee0602086e06a,
34032f19e444f0bbd34802c095a3e8d07adf454f,
343b90fb639ac02410f52b5297a29dce9defe58f,
343fda9b18a1e2639d0a8a3fd4f53c1510cf1fb5,
345bd8382ddf5d2001e6bdae04056600f8ad6306,
34706ec8919d0e08c2c0b1011b6ec2d9e5b3a9db,
347740333ec0a9f3be1338d7f2d8ec9b4b8df6e7,
34785f4641f4f09cb5ad569e7a9d0e7e95595e78,
349a77a091680b0f2e661300196495ae554c08e9,
349d0eec12f8c278159e3ef61698172a87bb7f70,
34ccb12c498780335ba5f14a2a599f8136335495,
34dd17d987f7b9d249406af5ed0a5a0592e41044,
34f5c52df5af22617874eb670ec4726490e5f2e9,
34ff7ce455f42b4fdb96dec33964c1b0edcf5dfa,
357eddbd489aafc2b120631edba3cc4dc9ccd1a8,
359814c460dda115e6a62a824baa81957fc848bd,
359b7644fd2b33bbf8ff9a9a4ad5a0d4b11f9551,
35a0538473a4c4233d7e54b122fb1d553432fa27,
35ac66da12ddbc73934acbe03c0facaf24258296,
35ad12958bf9ce8cb2bd04c8d78b44e53bc14d15,
35e8bca35b70b4eb9857868579719c14b98433d0,
36123e7fb7db4e2093884d9f4f4a23b3cec1ebde,
364d64e99ecffaec65699e70f1af38731411cd4f,
3653bacb3b4060d263a71f590d0bbdf4f69bd587,
368c2390ab772f7559ca5bef1384d1539ff21744,
36a101ae888bab5b090dcb313737bd336aa9204c,
36ee6cd417ce94c7022c8b3a4473eb6f1e0dc4f4,
370a9b620d5dcaa55b13da79eb1be456d8679194,
370d665778cc76c8fa7a460a4289bd59ff1c81fe,
3722aa4c9ae668d1bc66610fe1b7f453fc25c0b3,
374213d768ba3188d276c5a66c3202289730bd12,
3756cf49a54fafca83035c538db5dc6a21821adb,
376727a70d250b7a170ddc479e3e2164aa9cdbf5,
377cecddb95b8d062897439de75bfcbcfba31d1d,
379009f5003c5d9545bf2e5b4071098417263d3d,
379b729b928766d8a86d3c6ee7602d3cef7224a3,
37c10c58767b3237a1c4ce77ee5495539d5bd734,
37df956ea00cf3139e4879c0dc144817446a0497,
37ed3d6636fece9effd0007750b5f374261cdb82,
38350a7f1985c785cdf0f35744dc65b461da19fe,
38632c63ef00823a8efc28d774c0f6322eee4214,
387806bb8d3817eceac70d49bf95fb5c7c06a9b8,
3880d57f988481d0cc00ddcf069eb2f55155429b,
38a498dbe6cea389464aae959edb35a1e5499dc8,
38e37f1cf079f205a1270e892eb93271ab420314,
38f16638f790f829f01bc1dc894f902d89b01438,
392073bfb3dcac7c794e398a742b273ee9946617,
39232bd236918085ce48a7388cc1fe2effe059f0,
3928ba129682870f6ba7310af02ddc6f7272a5b8,
39367c3579630ed7eff8b9cd50bd9dc4fe6ea2aa,
395d10a875b000515aaa3ff8fdb8f4d8669978a8,
3989be5f941a6a2c3390bd90af8c8237f51c66b6,
399c57366186098348ace1f21604488fddb5dc6f,
3a046002f8c33141e6ee661cea1eb2fd2b925beb,
3a2230af635f5cfad8e5fa2f9b61459d7ef069ab,
3a34cb23d88b3eee9c4bbb81e22637eee2b780e9,
3a4e9c686ee568b49c06fb4c81fba0a3a2412026,
3a7292332c36d4d64d7c016a4a2af95eb87b39b5,
3a79d65da519971ea4f3000699f67fea75a9754c,
3a9c7dad0e3d05a0174dd0809f919943ab006a90,
3acf5b3ffec71e3522ce7de6b7de897b1c0c9a82,
3ae2c4ef4551da6542f4f840d968c06d659b8fb9,
3b2d37b14c06e19ee61f6273ad97c4df70d08a00,
3b38c36913796d5f7668c700bda79f112a0510dd,
3b4a290c66405c96ad613f7bd6fbc5744a606bae,
3b82a059f6335717fed5b05e2c25ed08b24ae00d,
3b8c3ee41ae5892170e805f4aaffd760c0aec6a8,
3bba43519de16bf90b7f91aa050589b4158b43d3,
3c29c006964645a99e437c67188e7a22f7de7fc5,
3c6b856ac60fe50ad7feee6a528be1f71a0523a6,
3c887a1e0619ed9691e9f71c6c52da629378679c,
3c8d5dc7f722cc0eae1f4150a20e607aee1ccdfa,
3cab66b7b335385113c4a754745484ed522e1b1e,
3cc3f115c9c83e22673019600df5348ca3619343,
3cdfe501d658e63d2843a21217b000815441b6c7,
3ce50c43aecc33624f299e7fe6f38cf33033a8a8,
3ceabb267af8317c7b289779d461f2fb97c806cd,
3d84e1a00a5b19c56f16df2b39c158640c121607,
3dc40fedb0ff4dd24a9795e15404db9e217406eb,
3ddb5a9571be981c222480f7be1cd820b7ec666b,
3df63063fa758d766a9d35f2ffe391a727eb4a9c,
3df742db5cd1d23ed103f02f5f2378667cea93c5,
3e1e82459ac4d8428a3090583a5330a9efe75261,
3e1eaaa86882102b12df35b951a21e15108b3e39,
3e2dd4112ac364f8e31f8824cca5c3552dc38fb9,
3e3e93ca20a85a947a160075f1c47bb73854efe8,
3e4435a36c5d822f83e5806ac6d2d3538cc140fe,
3e61d1d694344198936fbdc9f68383f9fbbefa27,
3e9b71d2c1e0c87f4898b203e76f35c97488a253,
3eae57836282efb1e2e55b85f51ca7233c144b0d,
3ecb605a9b54b3cf733918dfc3a4ad78449c8d6f,
3ece4b60c42eafd33cef1ea21f4d9b3f8747421b,
3eced1232cb95da94d9292f980609cc2b178fc9e,
3ee3861025d8dc1bd7e0905c279864cadbab1d80,
3ef0178bed2bca946f2188310d0499de587d623e,
3f6313aefb4903a9bb1ceb84e4be6b1cb71bb2e3,
3f7eaeea385d080153fcae9c2654c1a413fbc5de,
3f928f6449fb5d8e8bd274354341782a85315607,
3fa1fafd962e173d9bbc12e8ce7df5a1cb97f444,
3fa4720b1ea2da5633b3fc07fd2e27d70cd814c3,
3fcaabcbbb3c754c0215b747de802fc89b5b4332,
3fd07a65aa7990be4593ea75d3ea52093e464a31,
3fd0cc5ba25f1588f724f5cd505e68fa3c0bdf5b,
3fdb12d33cde7ac320d721e32ca4b2219a24689c,
400a13e9709e04bca0743581f0f8d5024db49809,
400d44d483a7e32112c5b22dcbf9019f72d6d2cf,
402c80e998458731f2fc48c08d6123d6a8845371,
402eb91623814978ee8640752d4707ba20859452,
4039a8147c4e32ef104edf195aeb162809e49a9f,
40455fc82eeb0c8c92abe69ed79e8f2bea5eeb92,
406ef39753993a229023dafe4726cbd2aad7f545,
406f32b4afe1bc12f42ea82610d9db63ae680946,
407958073201a0cf7c0eec48c808913ec94921af,
40b3bd07050ec3d6f061f87de06c41911e6bb192,
40b9647b6b78a1efd12cdfc8b916df7c944dd17b,
40d1dbb3c8b9d1acdadaea634193477fc12278f8,
40d681947cd29b125ce6739ec8130efafa413aa7,
40e91f42217ad2f42b33068138c0794cd22a20e2,
4118e62b12af39076cda6b4f1dd27dff58f2296c,
413c7b519700aa3edeb31830c1663cefbc37f5b9,
413de377fdeaf3bfc65b1adbafc55b9c0274263f,
414dbe4650a01530e8e165b5f452744e038aed54,
4190d9a0939d44cdccbb6225f1fc56451b99c84f,
41f2d51f757a60dc6388dcfc4710f16f2cf86c71,
423a7e9a095affec78f55ad3e5ec083fd18eb736,
423d1fe27ca15e2ee845b01582fbf4a2b91fccfd,
423fcb8e9658b8ce0665e78d074ae87b7770b9c7,
42871bb1c4bbbbb1f1416a83e3826014761e3b35,
429fec8e61acbdce023db399f51b404a24d1a094,
42b8d1e958558b3a2f4fea2ede48d82f0d646404,
43137cdaa2c0d06d41222e1be511bd39015aa07b,
434c16a90efc004e12578cd53a5219ee93e7ba38,
4351e87ec23687fe1a095dda3f0e09f1051cfbd9,
43573fdca59e748050f1a095c37b2f03f0e1cdc1,
437c6a11fb520c5d75266a6b66ac7b62aa214f01,
43d6a1a2f7b583c6e85cc0f1b735872cae3a4c0f,
43dc2cd611d8d7d35550f79a8800a501120f0472,
44076541f977f6241c0de928c53bdfafec890c8d,
442299c752e220a6ddd833cc72e362c349ad2bf5,
444cce2542c3e3f00af63fe6557f2f858f13295e,
445632bf1545e9e93615c8b8f7686bbb5e173160,
446f62170431ca7f7b818dbe72c3ae74f7a40fe8,
4477e685d8d717f0e890520a37852ce74597f942,
4479cf15f4e4b0715e5e7e43613ce8a9883c0a91,
447c68cc6a72e7d6978cb857b3ef95182376b040,
44f0eb5b7bb23b36001ad443e6ad3ca752cfe5c8,
44fd23309f4273b92ff38514fe76b32f7ec8f93e,
4566286262c90856650e04bd25f49a87d70f8b92,
4597a9a1484359f6e254f8c1d45ce3684c9e0b97,
45d2bc435f8ad09a1320a514156ba6af0d8f0abe,
45dfbce7acb5d73258fcec7a38a068d5fdc34883,
4623f95d304ff315687b88e2d59e68e7a8db6cc2,
4624708581d2c70930ef065e3d4bea2d1a1bcf2a,
462e7d6cbc65c0d567ea0cc84071744b98be1b06,
463de8e547b35543d1a3a84f6981558c58cc863f,
4671e37232e8725a42e0cdfa7e665aa672574c6f,
46757c7addbb15e372b09d322b74f43ffdd3c858,
46ac62ee6866a07bb76fba8bc8880a39f9d00037,
46ebe66ea772d38ca498e6d36f4311ca9076aaca,
46f06f698ea6b88cd7084a126ca177717ed2c9c9,
470553c4a37386767f08857bc92d094adb20deb7,
470eb120344b5d45949f8446627d6158306f2386,
4724f81b47b3fb55a8f7e33a6b1885f00428213e,
4771f960ecd67ddc243d06682ab5f9733ef45a2d,
47de31ad201ad3bcb32c7f6e38bd31bebbb7e05a,
47e252c53646f6fea4426d2547b5db2003506708,
47e706802def6660181929a13548f8784e0a19e2,
48122bb61a38011954aeb8476fb76a4f252bf3e1,
4815d7cc920d7d84e43a6897435c0a070302c25b,
482239ecaa94ade42bf35310d0dd861363df83df,
4826e95db224bbf589e62ad22b392e61729aa304,
4846f866bfaa38e6e54b4800c36814f0166e3a2f,
48530a39381ea64332d0ac4b570ff5585f7d7024,
4857a25e20f0e5bafb18cea5d0e39c4439bd1654,
4867283d3baf7b1f3fa8b5f12752be5ea7eb753b,
4871d1ac7f1a1f2ef03ef8155fd07be7c1bd9900,
4895ba2d1a3e995325673597747f40f5a908eccd,
48c364f1e4d1ea37865396bad7044817fb34b519,
48e72dc9548cb19666d99a7f6ff68eb3e4870c15,
48fd78a0949e8622a1e08517e20a3edcf444cb4c,
490ec75f2e22daf6081159fc667cd5f9149f369a,
491f2783a3d899f564d270a7ab25fd1ae4c493b4,
4935b4875f60deddd63d77030d01da469f33e865,
493da15be9fb6d40685337f390827f0b04e60fc3,
498fb89a35e21e89a83312e7f6ed44aa15252c60,
4997c04440e3c84665a3c116e4a2eead64a6c518,
49bbb91331b31a7cb0fb3272a9a807204a16edec,
49bcd23b617f628b8a2bfee0dc3714466f4c5555,
49e3bbd53c0f604c1d8d8990f66d66d22151bdf0,
49eb8d9b77098760615feed5ba51f2b127c2d45f,
4a14f1cb044c8bede993b4a71f08fca49abae24c,
4a16ce09e722ce49567666a4e1f97eba28e07c12,
4a2bd26870a9e84efbf00a4ddb2bbccc5f5b0767,
4a4e3aee4a3abd29069137bf9f6a30357a727b25,
4a5089d43513d5e881e2c429a73e3c8a7d360734,
4a6e82ed9bb5a0beacbfe2fe8fea2c42808f0406,
4a7c2f046b0c9b9ae36bd65e579315a64959a6e1,
4a80b245a2c859b924e4f5641e6667d5f5eb687d,
4ae185d0902fb54f3f1addd00141c9d1a3d83fcf,
4ae33ea4c10912941bc390d9f5f5bd0efc42303c,
4b0ac9f0ebc48009f479082d2acbcce19a55ed71,
4b38dc2000d798b112904c50fdb8d511584c2539,
4b48e731c0a1e252af344d7e453f1f1acac6276d,
4b8c8de82fb2173e7c459e28f4b993eea688de37,
4b917f6ee57ed74033724ebf66a7905e16fbb82c,
4bea17c16501975a74cd012d1b50c8038f16c9d8,
4c00123c9551954e9f45e1cb0b792219d009cada,
4c251e24088f6637c2f51fbd59147cb9895b0eab,
4c30c7ce6997af3485f8cc4ebe5f12f78a37cc86,
4c5277d8ef9c2608a7030c4e5a2e8df117b564a9,
4c5a86dbda62b361d2f2fbaaff846777a878270c,
4c61bffae54ca36757255a693fe9114e7b4238c5,
4c6ac988e2776420a3654d5525f0b4e6a0ad9b31,
4c73fbabf86308aa12e9e21aa07b53506de65b19,
4c7b8986f1487ffb51896eb47ac92d53ca3bad57,
4c7c974a5c9dec3aa76c6ae39ca52c8dee0dafbd,
4c7f91ea6735ed15ddd3b206e6a1112cb19b89b9,
4c9e7ca31451ab1762974c140a12e98beb22ab1a,
4c9e85a799231e421357ae799a5cc640c637701d,
4cad0c2c91b98b107727ee29bc6e33a2b749a28f,
4cc6a0bc5703e3c3cacb93bef293cb8c2ef2699d,
4ce6b48f48d887a5b4586b799ff485a17c717f5f,
4ceed9f197f5dbca61e2f0af529deef7ac9510f7,
4d076dd67152891521fa71d1e26d16d8aa83f226,
4d12f544c8448548159a4b4f3cface7aff7fbd6d,
4d1a496f847b1e65ed27854938bb2c25048a5410,
4d26804581dc7566bd840a0e84ef593cf3d2c676,
4d3ff6bec4bbeb5cad81169631c145a944ed7a07,
4d4d115cf91c5719ddc046e8ac43711a3ec47559,
4d8ecee26f33306ec83162df572b22bb02d06597,
4ddf47c4b62c4b129e99d01a590b6b83bad6401d,
4df03ade6028e8a458336ac5135f64aa07f86ef8,
4e020389b1eb0be99eaa7eabfa8fe4e93dbf084b,
4e10192ddf45488e2cddd1e6b1b9c4d9b1e7b69b,
4e14dfe653f7740f67a3b501aabf7a2c27e20917,
4e20c9230b7cdbfb7865d97b812aa066f2fbaea8,
4e2acb6f9cc567e794d8959daf71cfc5bab57519,
4e40cf3374783c13eb7986f2a4613dc057dae499,
4e6ec7271f9093abe5ea03aab6e5ab775aadd1db,
4e78512591e442507bc2160b61e61850a3ce9a0a,
4e89f36067dfb7d8ba2b6b3259ae4c2e29770462,
4eb65acee8da19d21f288420c9fe745ae11331df,
4ebaa65307008aa82b36041102e85bbe7ae2f2f6,
4ebce398490f7130a9386eef70e2e261d2b35d1d,
4f1eb934bfd3851e383beefd7b08224fad6d0bbf,
4f45f1affe853080726dd4bd895787d41868abff,
4f5dda9f0298bd87316f014cc66fb090ead236f2,
4f8b105b534ff0f2cb388bb607ed537a67094790,
4fa4c2eadeb8696d61dbfaf81d0268dbc49b7a52,
4fbb34a3f4cd97657898e3d969e82b64161b59cf,
4fda6f0426549701e2fc537df8bd56f4f0fc35a3,
4fdefafb4868e4a597ef94e845fc7d3aee2a24dd,
4ffb58c5d8e9b462f001033bf7cd81baed56ab00,
4ffcc9b0aa7fc9c2505466298ae907ee0f4b2a5d,
5025b404144ab84971c95d0ccc65866627e6f27e,
50260a36931b7b33454d57efb3ec4275e4301beb,
50274a5fdc6d0197dc5b427d7c41ec92e335b6bc,
50421aba1c220719d5b2c22755c878bad99d7f6c,
5049b82aab5795b466f7bdbaafa67e7cdd955b5d,
5081f25f39a9d7aa333adb1e58f72ffcd187ded7,
509ef589a60dfbd3db9bcc0d0bcadffa765faf6a,
50a22bbfd6f6fe5d6a019340d4ca3c77497a006e,
50a37eef69e4b32e59547a737bccb769b94d2788,
50bd34ebe9dd1e6ba2d6215fa6c7978423611944,
50d6fe1ddfaf79cc1496dd8aff268f859bd41a0f,
5102eb7c2cb71b9deb475ac29a6a8721e08f15aa,
5123c8a989b9e4f684ec9286609efbfe702178e8,
5138a01c38ddf79d00fc819408f729876000de48,
51398b30f3e53a51ff2b787f37b3c0fd2b573153,
515763ad27a2b869716517687fe57dea5ee6286a,
515e2458c660c9163e2780cd19120c50723bd53d,
5163d888a15fb7134fa2e8e2edcde991fbe2c088,
517394e68dde486ab0707e2495eff6c8cd2cc04c,
519041e90b4ca64aea6744dee6575bfce7176f0e,
51c0ab38e304b8459a9696f48d0f97dea2408a2e,
51c38a95316eb395213c00e0a048a7f0cb858986,
51f87ca168df00287d516046a91a8855b4c92fc6,
521ad37b0b40b49a285dc004bf7b3cfd6736aa7a,
5228576649af6d2b7d0727f71f4c9d6df918a93a,
52f4a8f5d972096ebab0a300647a957bfb6636aa,
52f640dbfa246ff80773f398f0f390e086bce88a,
531b65b66af45294e78ab8bf28aa6344b5fd9d67,
53af12b944b0d040a807b5670e71bf13a0697ff7,
53b4f3fab8d88fb3b97979acff31e67af6605331,
540d603fd873902b69fc3b6ca4effb0cca38a0cf,
542fd5705da4eaa51b4ef2953665bb36e73afef3,
5472b4cf7f9d1a94c5add3ce51a240caec2c7074,
54753f8c63deef84a11669001fe99be1444289f6,
548e1176291a6975d8e58a007c46d0fea9a7306b,
54ca95a35fd01b1387048c05749616d423cac7f0,
54fcc7b8feb11d12c06ca8e989df1f67c850415a,
5510d4a0d2b73c14186b45070184d7e05f6797cf,
551e229b5eaf3986a5318cc2d16e48a53f7dbd90,
552bf09bda6cdb7b4baeb4665dd5413783fae460,
553b4269067f46baba24f184941278df44088e9c,
5562d54e2670eddecf2c03209c772514f5b4b325,
556fa4f20418c52c49f33bab0944b7b7ca598619,
5586b22448b83700a3810dad187142d8ea053005,
558d73e620adc9915f3982221af102f01ffda931,
55aa432cc87d7204a7ca86fef3255565a678bcc1,
55ce736555876066bfa042024e6179245f0a3450,
55f930b9caeed5eec314efbde627e1d0ad877d02,
55fb8193983550ebe504eb6ac38709ec9642eb9f,
560e48ea3541313e35954f4439a4ddf06869a7d7,
561705347d2c31da85ee36ad02ace550a029c7c8,
561998d91ec17a6f29a49a792e914ec25c60677e,
566885a7304640f525e0ac517f4edc5eca61eb0c,
566fc62ec3f12359310b207b43f42a1daa10c3ea,
567d2029864b964661cd6ab92bd932268c6b0fbf,
5682f3ca2b9477f11c5e7a079e5eb9e4f9ffba49,
56ba0de13be0633ce333a6ee20de5b62bb3586c6,
56cde60e0bc9183dc5c422e51df33e84b53acacf,
56fdc906a28ddc6235470e190dcb2a3b9c4c5d17,
572a486f5101510b862eec83f889037dd87af794,
573b8e33731c148f0b8786dd153953896338f181,
57c11fea93b60f5e85ef2d1017aa4072490d8055,
580019c92f9ec1b67ea4eac380320c5c976e2b25,
580f1174065ea5d5588c290d72baade82fa2fdf4,
5814bc62eca6ab380db6ee5f7df1993bc489e8a5,
58265a727b6c83574c746abbe00e6c254c5d20dd,
583c1520a50dae6e51328cda38cbca4e22c8a006,
585efacdc7a501e7e4565dbf5cc70413d61cf211,
586bc22f6431a60198edecbe59be4cf49661422e,
587103fd89d20d3011cbac55f31df2c65d69f5ad,
58922075cfb0e362d9dbfadb2d8e97e040917534,
58a87534b387629aa0cfa32adb27ce596773729a,
591adc4aed9776566ea10734b87870e958268332,
591e5403ef5d38c3e1ae78b7083cb25b20c08f84,
59208c2a222aff165858f8de5568488c654706da,
5922947499f82bbb8d9cb74baaac983ee81c0c98,
593d50ca4bb4e1a3c54b95f1066496469644f8fd,
597717b94333d6467543e4204bce53ffa1a4b30a,
597760eaad7e53779fe9b01408604becd67f2eeb,
599a7bbe335176905f26f78c28b71665e268fbb2,
5a090312499c7427e15f5df473cab67e4abb5e04,
5a726cd343d8e48cb3dd45a053f3b00082fab341,
5a762fcf5d1f32929d13a3a1c38cfb92b3659a1d,
5a78c17cf968a694e50d6b812fb74187a625857c,
5a7be3d51f6408fc422368b18a8a369a26130345,
5a9d78ab5aa70a543dcdcac546a2136916d393e6,
5ab133de3dccce17175b77e90178fac16f84ecfe,
5abd163f968e20b4d83d490c1b112240cbf835a8,
5ac7977c624e34129289bf4b7d431cee027738ad,
5b253ecfb8c06de71bd8c7323f16da1164ca5998,
5b5dc14ff3932938ef2b59010dacd3eb6981a656,
5b69534059c4c8fa2c1edf1372b660870e31616f,
5b72c8d08824c512a39d222ed9b04ce7b972f005,
5ba513238828eb7fd5da635317e88c8943e6b7cb,
5bd15b3bb41ff8520799a66275bcc4c5de7fb8cc,
5be2d97f4cd1b9bdb262cf5ae02101d9c8c53711,
5c18ccda1b3367d1250c5b9c4fd26f51773463c6,
5c2bc957722ad30a8cc408e727efbc4c19363786,
5c7c93c99de357bf47af9438e79744f6170183e2,
5c7f9868ce1a20f638610cfb28e1d7624d295e0c,
5c826a4f1daad1a55a8720b3ad6900a745634167,
5cb48d5ae04306dd569c1f02ffd10f879d268df7,
5cc74a41fb1e75f483c641680af8772545458841,
5d0ca4fa25894abea680f7c3a4c10e4422fa0337,
5d0d1a7d5a6f878bdecb124fef9a738c94acbafc,
5d16c4de44821f9c7343a2f05e4c5ce47cc2d8d8,
5d3ab0e8938d9c9059cdf78ba6a705dc451f4c38,
5d62218e332554507b26200e1ec8e60b60a6806b,
5da040f1a4851da626759753773670ebb3c8d7f7,
5da845a3943d274f4ef95d2546be04e40651f057,
5dc3656e4f46706568180e7c77f23cab433b4f3d,
5dc6836e31fc36286efaae884eebce62d291b6f6,
5decf33dfdbd9ead2ce3cc94075f10df0ad454a9,
5e11f71e498b6a6d069d61653699a17e56fc270e,
5e56afeaf147e5e865d939883eeacdb2190701c5,
5e5f302c83e46526f90a938d72360775f03a706e,
5e8672d069ebf3269b82c30e765ff2ac579cf808,
5e9a5a925a9839b43f5d1812a831a67e34a8c180,
5ea56c5947663a89cddce77b061e3dbae8f7347b,
5eaae2046b7ae493c493b3c2dfe09e88358d1630,
5ebdafa2ed20b1e7ab84f56abaa7ff8e928bb00e,
5eca7261ed5eaa4caf1b276c1647491c6479aac6,
5ed34fe28f04c511c7756797cfa95c45dfed0b1b,
5ed525b490316924e74b5ce5cc20c8b9ebe5ab8b,
5edaeea953b5b2131316381934044c4483f948ac,
5edb5901e5de3003aec94351229d5655d6f18a44,
5f0b85664bf1a42a30d0920530864b78678abc8a,
5f0effca47439f508052c71241fa8cbe3132a6e2,
5f29a91fdc5fcd8eafb58569a9e5b02cf4b1bd65,
5f348a49d62a20acf756e84a00345b9ce5c00332,
5f6f656469c99e8473620b0a3bc1d7facd553759,
5f8a4e609540866b2c20dfbe403ec48fa5895859,
5facba63469aa379b77527d7d369f5eec6f1482c,
5fb0686494d2ce5c6a108f3e82cf52d353dfe4b0,
5fc5edad781135a37efd30a09de8bc715ee60a26,
601696494e2318b0bf5534fb15048b576c81969c,
60343e293cb3d6088f99602a8df1fee3bd6388f8,
606b7ac868613c6684acabe589f3dab50a1e1f47,
6072fb8a5dc17654efa750b0de80b5666e426a15,
6074904657a2ef46b05278a7cee894514552e4f7,
6089a9fcfd4b997bf80a87e29d7b0dec9228753f,
60aeb682f59c545257d192fa4c6cc6d3c8bafe56,
60b307373116b610c7211fe6f06905217aadc3ad,
60b92f65be0dc51baf2229b7f8e93b4c48050a4d,
60bf0fd49af84bac751f6be3e2fbf8a2af6136f3,
60da102261d9a4789eb06d0a89f200196dce4ea1,
60dd6be2c90ad4d28695eebd65528607041d470a,
611517f6ff002088b4a8e054e06977b789cd7cf0,
613f33133f73354b20091dc7f011e25eb7cac289,
6151beabc857392654495876c1a48264c54b44e0,
615e4e2804f9aff9db9ed6f3a1816c2f63c93b34,
61c560541fdac82214acb110875a541f7ac68c69,
61d86b31d1d0d52d441da3479632181eaf1a152c,
61eb0e026466e227bd24e99cfc740c4dd0e269e6,
61f134825fab08009380a604fac6f535cb7b5f35,
61f34545c8372e0d3aaef8677d718e0a97c4d54d,
61fee8758deb1aa0c74b622042a76951483e7d22,
620ae7032a446d9c275e2a136c4e7b6b826a7832,
622814b9a2d120e3351e0f5d5abc8a35b7dfb9e4,
62487814ee3babe099b8f7129c649d17c00d6272,
62a4d758338d859a5fb1374b95fbd7ba330bea11,
62fd5d6d49f9913db4013c6afcf4073124528daa,
63233aa3f2f12801a07f96ff999761dab7aa346b,
63785b238c43dc74c60d86fc1201f4adf4e7e3b1,
63ed55552e9c0de9c797ab83eb84c150fcf5ca79,
6432699fb238e197dc8e8bd88ac5714da1bf51a6,
6434225c8ca4966638327f9ecbaa93f0960a4d12,
6437f6357d4f04313c71116d5616cab77d507fe6,
6439d2668b91fec977d17a945b107ffcd5fb0e52,
6441b1c3300b6d2138253780279331229a6d1701,
6470d810047cec2dc70c23409158ded6eeabdc68,
6480ad4275f90e2d067eb1d82beac0318fec9013,
649a300eac561629241830f86c9e7dba0c3c42db,
64ad347fd686c0e36b0521f8f1122acccd3a69d2,
64d8883bd7ac7e7dc8fa66b403dc3e0355e895a5,
65a221e3ad4a96204e5da692d65e433c38439acf,
65af1ea5ef137cd47a583c41d595e6b56b0a8af4,
65be6b773f0e1610550ad8cc6170b03d7f993d62,
65c143a7f64ac316c8183e6460e0ac5a5085871d,
65f2c1418df9f3e146a0de382a898ba516c38bb9,
6609133ca9dd0259087970c76472978a37818112,
66336add6cb8753035892edccadeaf070f7ee51b,
663476da03a435a2efb1389e53bac420095776ab,
6637363064ac9ca4a2776034b8d9a08c4a2709dc,
663dd8c0d70427f24e66d7d338aedd8a70f5fa9d,
6649fafa888adb170e66a989b7f45e1459eb51a0,
666f3682f9e616e627374cd9c5987244ff19a85e,
6675d51e051fe9408a24c8044818d2af84e30ba9,
668930b761a68589d5493490788e61c36f1dcd38,
669e261b8c7472ea409f7295ca26a78f1d8010fa,
66a4e39bb7bf2e21d5f9cf93fe632040e3550901,
66c2d2dc3c51221e6a043d956e878177b83c524e,
66ec123390b9d1d49e9fc9ae7fa9067c47903251,
672396bd8503691deb02ea1399c6020d06bbac0f,
67877c4c4c4c52c567bcf727158ef53dd903ba9c,
678e0b544ba78806cea127c0f5ebb3ee0ff0da13,
67914187ef09bd38fa83f745091d801a82a52ea1,
67a5bdca2dc0324bbd54cc95d5d468b0c1712558,
67c0950df61537151d838036b43ec65f003f060c,
67c0d4cacb4929cc6cc95a260b4aa0f6547658e5,
67eed3fa1c134a15d850282dfe258b742990cf38,
67f60aecbf52cad7adfcbd20d6d9bcf86c8452fe,
6824f1bb4688dd991d4d39893433d5d3e0849aff,
682b0f881daa007be04b6455ab61caf7cd02d648,
683fb7914ed57746643d9173ee19394ac83deb82,
68b2375f344cd1010d41d9b4ba09aad3134a646a,
68c2bbb6d89a05cc5ea5c0e3b99bc41209486db2,
68d966d2ea26d228a6ca69112a6f1c4961be4416,
68dfad5fd41e6d4b85bf697ea96de55c09cb3e67,
68f2a923b7fc7353965a9bd9f1181310f2d00960,
69293f1edd61ed0c8213176f4a06545a721b8735,
6936e26f6f793585a0e146d54f175166efd589d5,
696a7a42bd01b95c5e178391bd49c7e741234a7a,
696e083fd17129145123df0554a873fe8668a225,
69a6afd94c81894dfaceab9d62e1267572580c69,
69bf92bb114735cf665e8f3121461af738a5482c,
69d4ad1f8e5be4367835cce7aa86409af2e60f7e,
69d5979cfe057a0996ba62705f3d7b547652caad,
6a02276242fdb9971428676e0ef51971705a3d70,
6a1c53d86b3b554b27ac94b0969f5b1b84dd8342,
6a24846120914118be9b8149138c90b8dfaee0a4,
6a3fd495294bf2ad048c347d3d41330f3dd94325,
6a7fc7095ba9bd54e166dab235bf9b98729abb1e,
6b19c56b7a5d4b26d36964d17633ffd56a2d3f5a,
6b29dad3100d37261da493c50aa80be981e6cbf6,
6bc65e13cca4f4679241f26829cdb63fd80564d6,
6bd460182be40be4fce303d7cf58fe48e55112f3,
6bd464cc24fcb3374f16059ce676b79a07b00ee1,
6bf3f12231232568df33dad89bc95ad50dafc33b,
6bfaf0746b8ff89d470a1958fcdb282a72585e69,
6c65c7a507576aaed6eed1b6032223b98599908d,
6c717dd0c3841a443ade071111f806813f328532,
6c7bca7377b674a44e30799fba54a1f1e54abe64,
6c91bb43a6ac8dfa05d47d29ed4d3d709a46cf90,
6ca82c09dbfa7121d7a856df84713724ae0f362c,
6cb4c89ac6a2a51e98bc96bb99dd2daf4b37d553,
6cd17cc37b35ed41e1ff1b7f235321c7927ed854,
6ced494db96d42a7c2186313e2a9a47aa2ac6954,
6d265f29932113710e18b80c1ccd628b20a57a86,
6d374b41c7b7b29b68f2830ed87d13ff9dbef525,
6d42130d4255ee6cea0780800614e41b812b25cd,
6d44ac4b235666c9f5e78997d28d9b89805bb6e9,
6d5565b5e73d73f939ee7b4a9caa4f8b0434c634,
6d618d08d183ace28fd74d6812238d4d7bf93288,
6d756a2c319566204e9facfc4ae601ea2bd62131,
6da53e0769a79a1cff0fc5de300f80db3652da33,
6dc10001dae7ee4a605ae5d06531dc0fa8bd6616,
6dcea8cc31c70320550437c3e36f417007f96ad5,
6e06ac376c82127819204fa684c38c1210e126fe,
6e12d409de58a20b17319c053b3f3fb8033a70bf,
6e3c0494a13d9ba7e57befaffcbdf5cdf22f3a3f,
6e7b8508c797de5d7d09c00d234e4ac08c693f08,
6e7c7fbf711c8c1b42a2a3f3a42349525cd3b432,
6e98c6bfd206aa3a13c5064ca0d7678a8489c97b,
6ec89efb0267f16ec92fcd96cd08eb0e7190bb91,
6eca198adcf6e85089e4f2b10298900e1a02ea59,
6ee32d15dceb7278156817fe174b0bcddca5bd75,
6ee723cec222c908fc8765e1c3713278bc429337,
6f4c4f2789fb118beda20a806c12ace9440eac49,
6f52870b6edc0b3ee00002d8ee88af953ade45ed,
6f712bc130718acddc2d73568d1344c61bb40696,
6f7a084f36156e9c2621e3e35e2dfe48a8e68d1d,
6f86918c8a28cc6e76527fa4ce83a2d49b13c5c7,
6f890fbc35631d715b0dd810ac618f2d6937b956,
6f8cb3e46ea564879f88f43abc13d247138f5c94,
6fab66842001009b0c6452014b8cb4a8b4f0d368,
6fbcb6ddc7d6e228f66264aaa109368a71dfd02c,
700218d67b4c5ead745e71a9b31286a031c6c3f1,
700f533b5091d00ec7b57663146c23b457b83a59,
701d96dc869684a37d51712c682677ce77aec5dd,
702489595a599886d8c345401f9044055cc7a0f6,
70c34b4ab11c4263b90f447a1ceb6041ffd2c0f6,
70c6da8e1aabef2f7ce30c77b342a5e724b3c3f9,
70c8e68c3f84db3e1ebbe73c7dab4d34127a1138,
7114c4a2920c3ae89c13cb8a85e39cfe1aaa40f9,
7127252683ecc5aa45ba85d46298db356db476e6,
71282321a5706644b91644e9da2a27738e037f80,
7130bf1f6f0b8faf8cfc36896559835a24a56f91,
7135a57bd1650962ca3b7cc45c0b515bf32c06ae,
716319a400eaa26c8602a907b89cb56d484d5099,
71833b54df117e7c21275f5bf01deb7ae8a0dafc,
71a00347a85141cf5d512ad591761d52295dd677,
71b4209883d458b43978b91644c4ce30def9c906,
71cba72c91a3471670ec0a38790c4b1aea7a4ba0,
71cbaade09cbd9d986b0b263ee97e6be0c8f2d6c,
71d5d6f5b788d08aab287d9e41bd97b15536c965,
71d892e1045022499b1786fa53ba3c47d800908b,
71f835ac4c9d7d50253ac7714532dee72d2221fd,
720e34270f159f8f111b37a0c1c2732fbfbb60f5,
721222057d2951d5167ab9f284d32c805b18a63e,
724b52f3a75a79294c92d9b4dd51dbd334096357,
727b3b565aa0c847d4f6fdabb1709d8a5ee9f80b,
72ade3694ed2013ff82207ef015ceaab9fbee1f4,
72b8c7fcb7f5f2462c450aa278e02e3b6fcfba37,
734df39d7857bb62622621bb5726a3bade9fdf4d,
737887d4380942b08c85759106e8b80d1fad1844,
737d451b1fa6ed95ece61a9ae8903e2dd0043678,
73949e4c4f0f15389e6dcf71d382305d1b02213d,
73a30f5a1eab6d8517c914326115b0529888c3a7,
73b2dc0e743838fcd6a6d24f8cf5ae4e28147e79,
73b7ea7ee7df7ca542b2d639d3089f5a9f4ce0d9,
73d25bc2db2ecf07e7db789528e9cb1b45c2da6f,
73d2fd7b4e3f4161371dfb66dd641c18bf443fec,
73d4cf6f9f7295a32267972a4af1b2e2be600e7e,
73dbb4a92e61edb1f992fcfb982d755aa355e414,
73e50dd5a300e16a21ad001fed857c021a8dbe6c,
74535438f561576e3317ccfd86c42faf1ddb33e6,
7483cae752b2795989f9e8b95e1262bcdca0bdb7,
748e7c47a7e009ddf543a0d0b52481f0bfb47649,
74c8424f88cc569e42763a52d1c1b7b25990dc3c,
74f6979757056459f04664d2da34fe95c8e945e1,
7509bb4723cd1f0aa5047e7f8739a525dd3923ec,
752b499b6fa269ddd46a10e6911d1804582c333b,
7541fce5b313e53638f64248192ad9e085f16219,
7550ef9881abb0952886163d758a4b904826fc04,
75b6af3c6e5b3e06cfc55f5e7a375b22728d00d5,
75db609697241dc90af2ab4796f9bb54864de3b3,
769453ce44f6c6ea24aab4c8cdf783747cd7ff23,
7695313d1dab36f01bf90c47f4eb81ff843ff625,
76c64df43f92a189e202cb6c7635ae6cd81143e5,
76e35f8b2eb2c2c3aa2a1917c5a7a8586a393d37,
772a38c25d83b8a0d84d8e90c97b6b85f0f79d62,
7741917d132019e425c49ce3a7b6209fb91407ac,
7744b5cc190372fb6a9a9cca9e91e9a3de7ce423,
774b77618c90c96b86773564a42326cb055f3a29,
7780003a3872bec9c1f57d08eb3cc12ca5ad8167,
77cc67c2c532be2d78d953739e8e585a56b30df0,
77ddd5a08fb9dce81fb803232ce284c01998c538,
7866dc401db0c4dc2e8d97cf44c31765659446ba,
7867621ed8d8570765e97c7aba84bd3e2aaa6482,
78853c2f5b5b918d986bb5babd67a563432ca36b,
78abc2a03330e25ae5b670129fbbd28f986937aa,
78b1d9a11c0c2ef3f5136eead86e27be404071ef,
78fcb4717b2d7772ebfd1e6a305f2546098d4676,
790852389adab2a421f4b2d5a3126e429dc37589,
7927b6a593cbda048da3c139b59dfe37f27abb93,
7971554e8155d7e9d4937da4067924ba83cabf42,
797a4b17afff988ce28e3188af295a186d056407,
797ae5e7907072f8d3d29b5c64085992fa46a0c8,
7996b0306372a4708765a1541ea73505a7fb38be,
79a5ee1c5c9c3a5992f5444b7afba8f1561c4e23,
79ead262c0a6e512b25a095d79f69081fe503e7f,
79ee30c6399860c33ff334b959323748bede3a3d,
7a0b7ad9483125d27a491a5f47daf84571a6d8ae,
7a1c6e8ceaf67a9b4c15a155c17d7180c079c18e,
7a3561cb68ccdf68638b23f7a331bd9626fc0f21,
7a41b3605cc687d38894841e45acaf231995fa33,
7a9c2174ded17f34987abc26e1b979e63cea444b,
7b177788a329c1a6e041432d93910c34a0644abb,
7b262ca9855a99a2a1ee8e7ec545b067affa77b3,
7b2823df87b04525cd35938a3f7b029d13b18832,
7b28a9deafcf8e72770e4a1435231a288e475c60,
7b2de11bb44ce965c789cdc48086fa17d0053235,
7b4d5315646a6db029a175f353a064dd31f77504,
7b83cf87f8e64731c48bec47462be61c2a9b7f00,
7bad24d6d5ad678c53570a301987b109543a5634,
7bd408fc265e15ff60b8302aad5a2757ab224a00,
7c08466c6cf0772bed944c8830b3d0bf22d099bf,
7c0ad9be2cb95f828f9671e1a5b01d2d6ec71f6e,
7c0adac8550b54650540997820fb1347efddcf3e,
7c19a9fb1d645fdaff9587312dce3280b7c10516,
7c3352f44588e9bcc146bd4800c2a4c72cd82939,
7c34016076ce6df5bd12ecc3ff8fb686eff0f48f,
7c4fef45adcd5897132d08cddfcf534d7510a39b,
7c75580841a3ddaea5635a24b96b3c748db03532,
7c7926dbc7f248c29aff6b589399efd697899d46,
7ca83617d0e247e031898d2a9fb5e343cd19969e,
7cac0c47e3521f8c8ad424d1cccef57b25a98e46,
7cc17e8b72b019fbe15e9fa6f40dd4460aeb69f7,
7cc483349a86431f38c968660dd2394a1bafbfb8,
7d327d4674dd374979d0304a25e95a6a15511494,
7d62de351b657eacf1a62526c7b647a486cc1373,
7d6577a571cf10110597202b36fc4b5671f3dc06,
7d79131422a201064f1226aaa922fe8679564131,
7d87a11fc6c2c1ffd488a93300c03b4ab81cdd34,
7d901c25c45e29f3909bb4cf7132845dfd9b4d63,
7daa8a0cb31adfa3c72299f79c4e58fbd3195cd6,
7df2dfa42c241b7550334b5a1cf8a16f564677dd,
7df83fc1f2b9f061c6cda32a1f999f30c4273d43,
7dfbf4d0808fc8afa02f024e218752b33fc99e1a,
7e09588162a46a635ce914e61733a1cdcf972817,
7e3a7434220c96f289fb5ff84d1e92383065a08f,
7e82fd73953180574519f00fff86b9924e596a49,
7e902a75859225ffb73f89b16a209e02b24aa36f,
7e9032d9732db37fadbc2761ccfa3baac5875b2d,
7e9d02a80d891a7614164ef603b1e245c85bfe29,
7ec720ec655e5f1ff1d75104d62294284ee29988,
7ed76f40821ba2c681fc3b21365e6a1b2fe5d39b,
7ed99628ce2f1f3b28671d672ac019b796fbbe82,
7ee4ae47a15165357a11725bd7120d180e232fe5,
7f1ddc3849312892e22b658fb3a9ddf2e67a2fa8,
7f30e26bce4ca9d645898edb0d6abd17e61b8b9a,
7f6399eac6d3fcda3a5c7d464acc1a83db803799,
7f64f3d0d5beed2c09aa966851f5b672219ae1ab,
7fca1ed0b78c8d3659afc28f4034988885848fa4,
7fcb6cac733d6cba5dd772d61bcc4ec7ac3d08f1,
7fce7423a37e9c99d71f9d4dd6ec8b0222ce647e,
7fd76c0f85465df6b8ee8750257a945a40fa427a,
7ff483ad02d615e1c6e2b068fe197d0b73e79b49,
7ff4eea99d6e830c18bc08bf906d428d6cc50cdf,
7ff4f9482a74e402f3bdaa6566cbd5aaf5782ac0,
7fff015c36b878c272eb3de7bea5b96e4243620c,
80240c5c3191482668844688bd034cf61062ee9c,
802a7c72838abf5beee5c6aa4bc4acc2e5706d7e,
806331a0c22b365bdd7263e7e12e2984f210f07e,
807b989e5ef9fcb543c9a91ccac307a7dc4e5850,
8086f93dbbd435067749c04d0dcafa32d6e3de7f,
81108a361ec2d41563f763b5c602af1e86240a5a,
811b86e47c665c0a45c4e3b98089bd1c20444f29,
815e8fd7c6ce23829e5216e1f86620d4d795881f,
81657090550742b993c878e92e948d8c3571cb2c,
816c1f56fa3c9b0310e1215b49f6b9a41132b8d6,
819b24558dce08d2368283da4b2b1ee6d56f4763,
819fb9e3c9f595e1094e11270259f9f6b07e9681,
81c82944e7c9179ceb80f7ee8776abaa36b40308,
82575f1efe0a3072823037289d906f74139d84c9,
828bf044af228d5ae9577f1629a2d0a35ff4c3ec,
82a7ceda75f83f99cee9c50ac199a4518c77cdca,
82fe45056ade4a452dea5bec6f81a86a7bed5364,
83108e91d36d5eef51213bd07c64eb58e01d5eb1,
83252ba96c764c9ee8c92f46ec82db11325a03c0,
832b471c06183d1c451bee22a3cee581aef32a16,
83dab868f3bb610f74ea39ec016b4fe916b71a8c,
8401931dc78f921db889656b06ef827106893e85,
8401b05c1f8b21142aadbfb8d367aaf2d1dda000,
8485f33ca0ccea8cb76f26cf520233f8ff6ed1a4,
84a26fd55791630868977c5f356e6737520e7dd6,
84b611f0316cb18a881098067b70438888bf100b,
84dbf3bb62c85fa1c1b697313910cfe331926674,
84ddabe734d64fd8c7558455c5610dedeb0064eb,
850ac7ef972ce9a7a8e546c6439bea4d8de5fa50,
8511f1e6463664998f7f1bbb1acba0d899015f99,
851ca73af79fd849e199eaa5b351327a3eb8e772,
851d1f97c6845a6db270da774d104da44896c4d1,
85200ff18610742079c986dd023d4ff0ff2a591e,
852cfc7624596b8c2bedebfa5394761030b2c588,
85334030ccac1dbbcd89bc377dbd1349fbb6efcb,
853453bead40ed15c33f3a96ce9c147cd85e2aae,
855fa8d3a68c42ff822f284c9d4b8d097440b14d,
856425400d27a904c8cdd7ba477816aac063463f,
856b984af9ad21a6536f09897a23ff1b7ca7264f,
8587565aae9513951cb2c7d693bd198e38590c0f,
85d0f2899661b6dc05ef71266a9f4c61edc419d9,
85d402278455c0240edf21b2f7f576b5fb184be9,
85de50e46811ed87b34329f3163b98b188836447,
85ec2cebda58bab14df6381e6652fd1f6d09cc5e,
85f151280180750e957603125660a4af194b681d,
85f4aa4858487a44253f5ca82c7c07b83d2ea3fc,
860c30b91caba81aacdb04b3fd295c67c83f9de7,
861b70caf05f87386834665ece5032b134569de4,
862c9696c162ed452241f157b0878063e77713f3,
8630d90d87c76129c7269f81faca4fe314ed9afa,
8662cc9a2024fc18d439222a0bb3ec9f0b120bac,
871da6be31fa06bcb93348b81cba79d622d4c818,
87377a11032571aa9b8789775a1a3ab4b8415e2c,
8739b8508c3c8bb00ad417af69899ffcc5e87d4f,
87443cc76dafbeeb0b95b6ac5f4b2655aeb0356f,
874cc72b1f49157a089ab0ebac6694fa8d9a62b4,
875404b0f10492e35f0e97ad8716d5d8f1c0345f,
875a654c9d7a63a2f28ced6484e65384db8ade6e,
87657d1bd1881ea76396649a5a212b66b9c5bb9a,
8779efea689f7afaa66d46e7c5e576886482ae96,
878c958c284effe70dfc01518cc36194b738126f,
87a650a470c9713458b87d2ca5d0adf183619b53,
87aa6083d6f45d5abadc27afd59b4d8293a8c06d,
87ae9cea1a8f11bf3291a2508a830afdfe09c3d4,
87c2f874f3f2d2a1f3d514a31080f2affe384661,
87de4c723e107b65308725829907d67ddc5089f4,
87fb641250c707099df1424126942e96614e2ffd,
88077c9da4b0ce4d04d2198c1d0f172a3869f6fb,
8833d02892567a59c4e3b4cd2bf4ad5c1fc5e763,
8838f464638c7e39933db342e04f60f2c05e1e81,
8841136a29352dba77db3387ecf6efa0f6bc08b3,
884d82dd6b8ecb2d57ed2e295f3946d114fc2063,
8897f461be7bdea9023cdf4181ba7471fa198e35,
88cf4fbb538a386f95cd8d8094c87ebfbf1b329f,
88d804813660d44a83a81b46a113ffe035c51008,
88eabcde44a522b1c83e50d73921ff3a89873340,
88fc77db44169bdb319c528e1d1ee8f0ab0ae150,
8942adfb59f71f27b7ffb835b69d2874a086a5fc,
8944e63c7e410fac58eed757059df5fb32576a41,
8951a8faa85ecafda325635d342cd736577122de,
896eef9a70e9288c168634a206fd08ced8233f8d,
897dc72d3912a2b849d9dacb114521880b9c8209,
899dcc817b934e4dd8a9a55180917bba1b7b00ba,
89b01e965aca7ca551dc38badb45a5d928aa9575,
89cdc5eb4701d00a4a58be2a3fa4af4808ef6db4,
89fb3fb5aa32d606e762944e7578cceb8bc25c97,
8a192aa280f04f60127c396ed1be5f235b49246c,
8a1acc85b1bd605ffe9f8e753861f305dd464714,
8a1bb457ce1f7655324de4befa1d106a244d2125,
8a354c4063034ccdbfa46fbacc1729e82ba0839c,
8a3cb15a75dc00fcfbaf777f2443a395d0f92599,
8a92a8829f5a1a72542f6604f8cef7d319f5ca5a,
8a9bef17c3834d98a484c07f9b79b184e98dc035,
8ac1900c521b72e1003825f774d3c046fb615bca,
8add779fa5ed8bb78b64aea12b844e3b0d638b29,
8ae42797155ecdd813efcdaa59027b843f9fff8a,
8aea703406b33570267a753fe9a2fe38e757d092,
8b0ff97f278575ec3d9d6f221a3477b2352b7899,
8b1c8e96a25a85bccd8c7e940735e52dfa14f17c,
8b26e15c7991e6f2aef79da4d9d933f44256fec0,
8b9aceb81ad5047d95f56a74a32abd254b8b0634,
8baab0e38b7b57040d463677c1b6a7ee93516637,
8bc2634638fdb2d3d171a7f0a81759d6ac2784d5,
8bda052c6b534dc2f3bdeaff25b33fd811f46407,
8bf8bd06c1d9f463ecfcc2e1fc4e1368342d2276,
8c16fff05ba04cf18ae7d132b2b537eaa919f737,
8c22947fb36953bf070f06437d9aca8f1e657dea,
8c4747b556961db6799aadeb1b4f823db5ec8cda,
8c6cd24f7823a4c02976412f3c65ac58dd9e6de6,
8c7b3a3d0f6095944cf2fb17f1b88de871ffb054,
8c7b9c52690849387427e3e5b2947a28308b7d25,
8c9db86c2b7626ef2513de218c26afee62dda859,
8ca8ac53f8471b6f260b22a32b546a3994b3a0ee,
8ccccf404f3c39f9b8c21a7f6def48e10f8dfbcf,
8ccfec2c73d58e667e7831ab0a4b02391146c46c,
8ce8efd3731d0f4c7f221ad343a7bdaf19d8e455,
8d121152a74e0f8096e487d41328a456ba7da994,
8d224ecc5edc67aee548611e3a2996a5518e01f1,
8d35687850566330a17f7072ec2bb5520ca54b61,
8d48103aa50d99b3f1ca0759034f9f75b56d4c4a,
8d7b8c3e24574718b4fc377640f1c27aa9602e54,
8d851852ffb0f6c25ac0af5d397d1e5f1774a100,
8da14570de325463fa9c2625cd17cf801882ad52,
8da4818ad90331fec0bacbdcda2a98c54139ad68,
8dbbc34103a5ea03921cf149860318cf52299e45,
8ded10e4434e367ae01853d3e6e36badb2f9d05b,
8e4158a5bd9a81f928c7971c85c1b87a597796c1,
8e53b360b3d7f0c0be76afa3da0c2ff02b8e3748,
8e907db67211b83e8f2788f5be01d0c393d38b74,
8eb4dabef91cc7bef079df4f4954596f336e9c2a,
8ebcaf431419e0b75a564bf92d6256737ea4d621,
8eef17ad3a419ccf013cf8ccbb0a0c3ed161d93b,
8ef4521960911f656ebac6c418ab8db9c7606251,
8f1e7dd26639eb17c5ad6a20b926c6a7f56d01b4,
8f338e90b2887cd62fefbc43b2d63f5dfc20486a,
8f49a3be9b9c90ccb5f245e3fc2a57320f5e6f50,
8f4f9659b151d842b2a267e48efb1f536bc7652a,
8f592ed33c8528fc9aafc7263502efdd4cb20176,
8f7e36e41ebe06b99860c6e4564eabde413b419f,
8fc4b0ab3e985e5f2d9e927546d08dbc3975143f,
8fd27eb9a42276ef48f7197bfd17c0584f8115a3,
8fe46e3b77f1a80bd1660d1060f3397faa4d2a12,
90335bff1bb5ab1e5d48cff825485ac6a757433a,
903c6924fc04b2c5df1a2b13dd21af27a9494b3a,
9054c499f971cec36d20ca85c28be50e97070189,
909bb571a8b2c0df8665bb473fdb74da0a25de23,
909c64b2c984b78bb133ef43cff192d2fa5acfe8,
90a010351d2feb3def1b0f6e5e223b2d1f63abc6,
90adc97315758a97757cf0810426edb3cdc76e98,
90d1102842f9f0df06a51bdc1deec66bd71331f5,
90e680033f7725c5e8bee46ef49b7785c3ff39df,
90eda1d72a7fd49db6390d9fe6a61f145ffae36a,
90f88e7b7c0804ea1895ff79abfa5d682f506b81,
910fab748b67cd34f0fde077cf925539d2b08eb0,
912799556ba0a1a957cbb9a4e1ab493d80cb2eca,
91280ec466fb93a6688290d93f6b9dceac4f476e,
914419603d5a5e897b7bf1591c0414ea5fdcf68c,
914725eba34a3d8a62c863880a0c7fe9d029aadd,
917c84f2c3d20039c7fd16dbdd8b5600bbdfd713,
91b21c0873ea59d5d674e8dbdc8ab74f730b0e29,
91b40f4fe0bc9b96339143d30d487546f17a16eb,
91e6d77671c9aa12281a27462c471391b4c18f5a,
924c7a1ad865fdab563a72dbfff2cad044608012,
926e28562d90af913f528e70647826dc37f78465,
928a3c32f387219a0a5ad62548770ea3f6e5bb66,
92a0c7bf5903727091f23aea4f019d0037927676,
92a4f4e73e544bfc4a6b69d6b39dabe5f630c4a7,
92a8efadedbf0263b8ff7088b01977855af92465,
92ae0b6c30a108bec32878658cbe5c53e71423b4,
92b0998288a6f105baf7a59e6ad88fd998a2aa1c,
92d0778d93e20d3f91ba15849d0e93cadf6ce287,
92d7571eb9cccb078eda2fac40fa838179c3c530,
92d9bd84cfed3d9782b5a7297703ecc2c03ba30d,
930cf8439b61f54234dfcea155a155de0663a1b0,
931f3491dd4b23db62833ea728242648bab219de,
932d057e9d68a583e6baa26808a398d5eba42d54,
9359ba8ef73aa16234c7fff65ae8b3155fbb033b,
939c8cf492f0aa0b283ff978283ea4887ca5c615,
93a9cdc2730f6f78fbd3f4f85c1a02e3cad98819,
93d079ef9a8ce3257f96f8fe91b5df8c932c335b,
93e0b12f8445165919923ba5b30cdcf302a13ce9,
93f4eb08785d3cf92bb26cf67c7d6d558269a19b,
94004c6bd04e7ab06b4cb157438ab8ec6460a090,
940b2ff9147f76cdfe6e4debb8613ddec949d364,
941706a62d95704e3d257ea675e6ac63caa43cc4,
942ab94696ecfcd756b86d44b032d8bb010b761f,
944eae83488700ca59b8790780a32c632bab2e7e,
944f05c38c6a961b3bcbb36e09d9afd322df445c,
94732a5fe136573712427e6e9abb9d9656038fca,
948b2c8dedf7070c57e5ea35bf98b2c08e2aecd5,
94a630eee7c2b3c6eb9a58282e3a059356751127,
94b1328fcf9ab2f735bd73a810d374cb30c4ebe4,
94c5535f077dae3db841620196739e009a54060a,
94c8c4833688aa0ff3fa6d94f56981e70710c388,
94cccc82926822e27cdf23c351cbae736e6e7fd8,
95208a50de36a7d7b1c9f1b0ac5d7f7979478452,
9523a6a52efad0f60c26785b534d4fcd731251dc,
9536d51461be0403acb8ec05cb0340781aaff060,
9556cdcce83c7839e3296ce75b368b4d2edd1e78,
9564d2eed1d3818dbf257e4900ba729259188889,
95789edca083f3509234cd72985d4715d756e3d3,
95859fcd982286539d2d267f57b63ed07d2d2965,
959d3d602495578e6b7b4ee76c9e6aa67c64a747,
95d07a7696ddec752a07d8a40d5dedb684e87bc9,
95d2bac5987931b291a1c5b1e69d1b39a3be20c7,
95e08516dace3f4879b7e72d5f1fed02cb5e9d4a,
95f6cea97c5102151dee93966d1960b4d7fb22e5,
95fa202b1e679269d8931dce4d28964411bdae90,
964adba37cf9d9d75121859b39d7857c32ba5114,
96861b6362c9bedfeb7428c0a7c8631a97e9f8f2,
96ad9886d4a56d2c5006fbb1dc06316ad024fe82,
970cc73a360c9ff6e1ac8e3bfac96b80c98d2bfb,
9715833c3d94d13aec2541670be4667837d6827d,
9718e910e0071db791bbd5354c1beea96998e193,
97195695cf6c0b5888ab2a87279cb2af9e3f9b0e,
972f67a99a3473862daa89d03c713c46c7b7bbc1,
977cb22b3010c67f21d1aad6dcba0034d941a916,
9786214387c78d0773fedd978f69298eeb9456f4,
9789033fdcb4105744d698c0bb59a315c0e279ff,
97bc6dbe3a8c3e246ebc3c6359f2c0b18d92c6e1,
97bffda32742e9ae3942259d366b85763f2fb5c0,
97d75c7931c6bb3923b09c5f0b6d85714222e991,
97e284e00f493fc4dff88a7ee21e3e8c397b384e,
97ec3389d65008c4a00a8c61493d69fc7da4d0be,
97fa0a4fb3d6ecbd3e8c84e521894341d42216be,
9801af9b88c272e59dc08962c81d0ee027134911,
98132e9cf3f75d92de0bce27ad95840ca98fcad9,
981f07ef577810ebebe788a3056f4a3a08a495b5,
9820873e90ad7e13dab27f692d32fb1bcbbdbec6,
982c341515cefdea69d4295d50cf7523d1aeb138,
983741bf9b5ffe2e61e40a68d23268c52dc4a3ae,
985396230f66c62a1583baafe3f16ce0ad14e673,
989a5b1daf7458d1872d12706b441817744b4931,
98be36344e653c5351954de0532019a257639489,
98d1078057d2621e7b6f604a651a1abc4ef77ac7,
98dd5adf8fb0b488530b8584bc269490faae0ab4,
9935fd7a3b69cd093c770d23d9ae8842d11c763b,
996585de17bd50e6872ab69aeade8378666b21cd,
9976387b659d319fc96440af0906757e058c4225,
9983fa1623f1c1c4d1cda6936e997c3f7da8bfb2,
9996f8deae3ef6ace493ed0921ed75422d6b8edf,
99c020412fb6a13a98bde118b7a4d3693f8dfcb4,
99d930ef7e690a7a9d0bb591a23f271d0610cae4,
99e225d4681a1afd9c732b9a1ebe7812123bfdea,
9a0a2d05b565bf910f067b1d33288a336aac7256,
9a177e67d0c0a8c69f40f8cf86b53c4b4957ae05,
9a1d07449411ab88ffa9bd1e3f9147abc865b9c8,
9a2574c2953a47606afbc9abdf383316b2be23c9,
9a3385e282491e54641fbb6db8ebfa6914130c55,
9a3b372c57b2132d6e42ef36f30677f27400f56a,
9a9a7afcc42d8926b2cda4b4c0e7e6d0c01a0536,
9aa33aeeefe93f265b55bf64a765cff0635e65e4,
9ac8873d06524b3863091f02dad440d8c585873f,
9ae70cf9c493f5699ab8d26cd64c763a9cd74b9b,
9af9904128b7988ec1ed851f754ad4fe7ee0d6a1,
9b04ba5265f44de7ca9f8932eba8a59773b9a85b,
9b18b40e786e9a44c75471bb30b03ec5dccb5d84,
9b47858326ccbf00fe0bc4cecc30c701ae09f80c,
9b64f8d068a053aa54bec1c3b5522d6e3feda8d2,
9b9964fa6b489f7b6eb48c269e4f38ce57e87088,
9b9a18ca1180b3e81bb35717f8da42650eff3aa7,
9bf733596f64d80a23e74b8d9c9c3131a059104a,
9bfce853694198c22be63a94644e3b5362fe4829,
9c027265418fe91185f97d46fa24e4ad5e2df72b,
9c0cb22a723c36017c9a00e05e7e01d83f244afa,
9c15aefa67f0576e92ba82873f36c2d585548934,
9c19d0153db59d664be44733bf8da2713b49819d,
9c19d63b2e5bcecf0a8eff3ffd345e8187a88e6c,
9c42d0846821f592fe0aea2aa9f9076b991301fe,
9c862dfb76d77aae4441852894354590db67d3ea,
9c89cbd44f3f4726678e838f14d541d77e196264,
9c8d8ac78787dd231f039cc37156c7da5f8632ef,
9c90ec603092f5584af323bb9a573f9ca649990f,
9ca18e1b6dea68314217c7897c0961740efbf355,
9cc32873ab68186f9def04dd9326fb9ed3f51235,
9ccf13a869da57702dfebc8939e975c4ec76c4a9,
9cf8c25cb67c77bac4257513c30b04edb42d20ba,
9d04746c4b055cdf87a8f366f1faec7983aafa81,
9d0a6d54530778622f5a5ae1e27960c369f3a83e,
9d1add12b7120e5d691a8c762882bc4f43f94dd4,
9d4decdf106483a84a52ff1897b624fe5cd3448e,
9d6caff4464c4e08f3cc0d6fa81f62aedc64818f,
9d82497a1e8fd52e2ba35c2c520ae9abb26eac44,
9d943b733b4be06f2337db3b7568873e1afcc992,
9da6a601e60a9ced831d0de971f1fabfbb065927,
9da7cea9f7044d7edb238b778e930eb58ee71326,
9dc247b6db659936c66909aa3c34347b644b1155,
9dd835eecd3c1ddeb6a42649ba506178546527de,
9dda4dd52097119f7181fd7fe7538f4bbe46f255,
9de7b450c00807e8a06f16e6cf80b9a75050a41b,
9dfcded9412472dd5374469eb24d46acc118fb84,
9e347b7a4d33852d54d22b90daa6c9526fe369ff,
9e46104552871c4585e0cd1537e74b21030a3c4e,
9e4a8a3c8ca0174fe32bb036db83500246050372,
9e93ecf25366e86482872ad3ed03f7d3455e9fa7,
9efa1ff71508c0343acca813442b47c447f81de5,
9f2ce19b702d9c69a417248d23664d63ef965b17,
9f41d12aef51baddde84862ef47dd61e8df6eb67,
9f57f345cbe9d2eb9840fd62381af979f8e9dfaf,
9f5a3147c352dddc71d50bdb68dfc371c2dd1e97,
9fba53f7a8a756a07f86998535ab397e0c3d0a94,
9fbdb30a68cd75a8f6464118d6c4368bf059f282,
a00c99afbd5284c79a0597942846f1d9349cfbd7,
a01dbe399de9aa5ab615bc652d02cfcb6b04a3e4,
a04a84f3a156c218dd778a5f9d0905d2abf9910b,
a057cb9c8a30b04566e6c6bbf85d64d2e26b177c,
a05c646926941461e559a7ae752ccb452cf48d31,
a05e32c590406ff2e8ba92adcb48bd04e91456ec,
a0967233d046ba541444e57891ec146e30d39a06,
a098e3270f3d7662824ac4509e4f4b72efc4250b,
a0b940c8e6fd381b44aa73a5907c97a3652f48de,
a0dc56a2c8a40369ecd75e2145932b24db6a98ce,
a10f45e06bc0952a5f03e66b16152ccebe80cd31,
a121836b1074ab20ad19933a32fcf61f5fa5c6e8,
a12b897b42f38079ad9350daf3652cceb1df817c,
a1375e4f3d073a68173f81f132ff1e03c4bc11f4,
a1637c68462cfadadfc0d13d742867c4f662a953,
a17b5cbb09ed6229b5bab6fc81c22030c4981bc9,
a196b1ed44f8d859c4b5061573a13658809b9104,
a19933fc4c6244ef7f1de429253166869147a6a4,
a1a0c0204ba766c3c1f149809bc759ebc23fd661,
a1c684ed2701ea29bb2a7517fb3a522eafa3ce81,
a1d05bfb98b500e3d885eb33cd89b6c9c02f790e,
a1d401813b70bba8b743c81424ba3dac138c6202,
a1d55785a1c345c7ad1fae5e822d8367b23545d1,
a245d2e2f38fdf9c1095af60492b4af99ff9d960,
a266f8907438d0bd91a7d36826f7adda2aace83b,
a28f6312402ff8a5664772f5f58872ca731d58af,
a2f2b4f1156282b8fb53cf8b7a09c23398f10610,
a3020d2066cd003e17ba2c602d3851408b42da1d,
a37826d0895c07153d1f62b3c18bc444dcaf863c,
a3a57f69edb29084851ab27c1fecf4cb56c97bbb,
a3b3cd6b3c6dafac4c040890a33f7388a30c023a,
a3c30f5c3866b90792daaadf7a97009de48a6f77,
a3d27f5b40ed84fdce5e2214362ff63a7736291b,
a3eb34814c9b0c8fe72ba20bdfa5086c1a330af9,
a3ef195e8c68487adcc79b3e76db992ce20e3f84,
a43befba77b957bd75d813410732e824436f66e6,
a4a8b959fa27e1d0da5879b6a495fc3e5ea4558c,
a4ab86cee3847cab51f7c00c3408d24e5af5e4b1,
a4ac0b27156c414f17e8cd4504684c2ee93ad23a,
a4d6f0cb40572b538f9f182995d567cad238d43d,
a4e636ed8cdf613d46fa278ede0653a706ea3c08,
a51ab899c288c03d69a4aee4ac0cee2867b1e6fd,
a56849ceb0c29ece777d4f9bd902e39a6c8b5859,
a5767512279d24b385b7710bf2c936fc71a7da98,
a5926a47b3fb35b32c3a032dc9a9c9efc3526845,
a642904cfbf4a9aa97bb078f3941b86c811898e6,
a647d70cdef40dce48b435a46d0cb1b647a9df0d,
a6499b86a97c0e7ef776cb85c6ab08c0dc15d87d,
a65ede8f5f9c781d1540fe8c047b8d31051bd862,
a661019a3a01506297a83b35b5383cbce1eb9349,
a66a2893cdc48cab8c36034c06618efafd277e15,
a6718f88cc971d7a91ac007e04cba7604e64a79d,
a67f9abe007d81ef296025fd69bf5e40e36b4b59,
a6a83b0cb1c0cc0bb25855827ef9f9d5cd0514d1,
a6ac1619454fa97f7506560f3a6caa63be05d60f,
a6b84263d0665f96e0112316129240b5a9ee55a6,
a6cf92faaae7106222a2955107daf9997820b99b,
a6dce3fe972ace814f38575a2819a9f6d1d458cd,
a6e1a2cc7b845b53f34e16312d5fbdcbb24cf6e1,
a6e4615a5521680f8c02ee682a09aa1ddae0454e,
a7185f3028d3f514783e679ae44a9d8e63c6753d,
a755424beee0a37c1e02116adc951ae9895629c8,
a758ebb2e7bfea49744f8e08bc9bf0152bd9507f,
a75b1a0c063e093a2dd48d1a4b9772ebd8ce449f,
a76684f64008677b1c46504b5c4750d43ba07ee6,
a7a3ee40922451cc6fd22413834bb62dfd183dfd,
a7b5dabb633794c89d2669a63745b00952d440b2,
a7b7d01f9669f52bf69225096c7a1ab44412aa09,
a7ba71744ae8428c39e548c36fb924ff5785e624,
a7c52c42d59044daae10db02478850bdc6e201d6,
a7ccdefd49efe6e05c956109703554a34620ffd2,
a83c000e63c50b0272d942bee7b1712a47d3ab17,
a85b85a55f851add5e8614e6bf42e30d55cf5dd5,
a890d457efae120cece1978e1cbb53f4ab48f7c1,
a8b52aace198f4249425119df68dcf1e32e24c3b,
a8bdde1076834c5f18b2a13a8faf833f9dde15dd,
a8cd33e220756bc0a4c00fa4c6bbf8abe6cd8de6,
a8f5091f5559a491a5e006316bcf7f261f15e8cc,
a9069cb74360b776d650a03d654ae3c93e67fefe,
a9594500e1917607901fd981a2d2eda311c7bdb8,
a962807ac47f249cb4ca0405f91b52264852662c,
a97182d344c3db9f9c4871cce9cc6aec3a748a8b,
aa0e00d8eda739ad3ee7498682174b817a1e951a,
aa58fb3d076fadb0716dba80c9f7312ab346c238,
aa5c5885f4f355fe7d4f0e53398b6b08425b8ea9,
aa87445c9263c01526bab5df45a99d8f1b0b20de,
aa8960579695bb6059c1a268fbe46a7e11336133,
aabfb68826c2f7b900c96ed54f87712b2bacfc76,
aadf73d8ac7df93231572e6343b7fd34fabc6237,
aae18d4b8285006e8264e5be2312c52e77625619,
aaf816d8476d42c4af928dee6e2d8d4300727241,
ab4844f485a0147b896579ec1261e5a9dca252c1,
ab4f5e5c2b43229fda71bba7f15fd2f5027aa18e,
ab6b2a27f29b4386a30117b7cd66c7985badc178,
ab7a55637495332dd88c5bcb91e71def3afad9f0,
ab7f21bef691114652894699cbe3c7463452f9f5,
aba21ee6b8e5ef2a1038f2ea02450b96b8a01da0,
abab87c2c52cf38e64db080248fab5dacc61efab,
abee4be80946adf7d8f597d1fafb19dfedaf439c,
ac442ce2b5139a48912c76620949c9d561e7d0db,
ac54b888a06dc6ed2943c8e6867f51005c5f2906,
ac60b4fae07df92e3fd309297db5c9d164101d51,
ac72f814da5a2a3770ecea26e4a54a9ec86afd77,
ac8cd76b19c2a4fe2e5dccefece25c6038043995,
ac904b4a3d5d9a686584268bc373844f5413eb23,
ac9690663d82b9b9a69393a61a5d976932af6e08,
aca9f25487d37cdd78a45d60cb044798aa016a7c,
acbfdb96925c712bd1beeca385e388cd8c650224,
ace646684f39957c09913650db40022183601a7f,
acf0ce1933f53e040e607c4c714d14584d010631,
acf3c4bdb2030320d46152c60e1531194d4a3092,
ad3ec1c9ee89a02e58bc2ffac2def373bd9e84c6,
ad467672c5c678d2c8811ec09d96c59bc4e86619,
ad4ac90277987f925b9cb6d63fb717c2e44224c2,
ad4b46f367ab987594e4229fcd1a0f203e2eed25,
ad503190c17087f85ee0e63f431f77c8b47102a2,
ad6d2646d75105368b67da72db6ebea825cc6bb2,
ad7d0b5d2ffde74935dc976a1fca9e505da8b092,
ad98badf8eb4e43efa3cb40924a1188f782e03b7,
adcf374c60af5458b71b896da7f7a226ee56c36b,
adf7e8649b314bfed6132fd130f271ee4babd0fa,
ae1402fa636adcb90faeca2e4684a5dec4a35a6e,
ae57cbf88217474bd7ad86d602560c22feca378b,
ae6086fcf3f989133c4e9cff9752123fff5acb27,
ae9d23ef4b0185eb0bdf4ddc84755c38986cc8b1,
aee87e2dee30bd713758debf0ecb3515fd930197,
af300d7ff131a6a46c9be0cbda8eb53605070e67,
af5469239c9c8bfc499c37ce64aa1fbff693e19c,
af5c275502787b11f327031c01fdf85c36bb2204,
af663105eebe2d7545a4320c52bb5fbc7e68a31c,
af6fabf7967935c5e8040fbd4a3c7855336a1755,
af879019739ecbc518e2a4e1aad314263ad59a78,
af91e1e1c4164ccde461ac058ddc5cf3fd3d291e,
af9e740032171ee8dedb9e0c595c343f07c9518a,
afb7a4de3e7db4134fae603a6cef5590190ef438,
afc1464ca5ed8a009385c606ddd4a4df2a0e292c,
afc9537835069a3cd663085a7af5d468cb6cd70f,
afd1a3c408712dc01b247b249800c46e16a06317,
afeb360a80182631ab67cf505aaeefa2400f0125,
b003298adfc892f0155bbc881d9e02a5451e4123,
b01e5441ce0d0b3d839812ab93e3d93f0d741221,
b0280f92d3bab65a214bde91ddfde96821d43af6,
b03e3f465b4b65b285da5498a692b7ad950e5298,
b0981e01209475e13b038bd60ba0117e0e54685a,
b0c91b0f91f32ff151104f85cb65939687eba0e0,
b0ca7ef43c6da797ccec2bb74e520aa346e37a32,
b0cd6ca91f3232839885638abfdfe472e83c6393,
b1012bec65f27a4f830a0d73de779eb343cba08a,
b1102a125a0539f91328c46a8b37dec5c700566a,
b149cd00fa6a280c1f6f716caa153d63fd2ee8c5,
b15b192fc62588c848be60337dd146a2bb84fbd1,
b15efb6a167afc77b707caabbaf0ce5ed4f9e6d7,
b16c31e47b953b09a7841528695cefd88713e0ef,
b178d8ea4507076ef6e4801584862aa59e029a79,
b18953404f67d741aace9ffd0ffabf7aa4162b59,
b18d7b64905348d084584b2d58f44986934dd784,
b1d7f8c22a38a7b9af4f1881ba685630e5d68dc5,
b1dc05e767fb88dff66155cab4e734d21fdca6e0,
b1f784b9253c5306290a0aee5dfd025caede27d8,
b1f7ecdc14c708a1e435d4704fc4ba3280ca8609,
b2042835d3e5f504b7c3e956511747895c6e737f,
b2123ced36419d1c4d474a289f6e20cda7338030,
b2133abcee0fd2762e35ffccc7b84030fa7ea0f9,
b21a5f363179c9a54025587f80367a848cd64600,
b264e6177b3faf31289ce3d59216868b95157f77,
b2795798beda6d1d7994006358d18cdd90986417,
b27bdaf9a1a14319408df26fb43a277a6328c5d9,
b28027302a74f9cafed37139cbb53c12d1968af2,
b2918afdb4e7b11771101a7d234b80145097f392,
b2992800a35319d7e0ee39ce1ff8e13ab60d9707,
b2b3c5d1615730133517d9a9576f36a143e89c7c,
b2c12b8514bcd8428a81030d67a0e23c2938a556,
b2d1a3f8e4f9518f2c008e9691d6ba7ef43e5c2d,
b2dfacfc6652710455f854a2758a1749af0be509,
b3003812f44e369fcf1e787ad0fe57f44e879cc1,
b309c505208e962fcf24f55b6157213aac7b965c,
b312040d1069938f4d95cb608f1b3bfe19707d6c,
b32e76c7565c35f08cc214185332a5b4dc7b9c23,
b35ec303de6cf4dcc79c55491212cf96c9cd65d9,
b367a47103223a56c5e151f9e4dd4199dd77f482,
b3a783e613e65dca3b9a69474288bb789ee99286,
b3b0853cb8e2a7e821fbb88e5394e6a46c56005b,
b3f2b7b019243d6f63dd85df3103e232567b1e8d,
b40dff44398e6d835cb15eb067d30d5242f40287,
b417f69c4044da4e0f32aee99f940f6c68d175ad,
b443a8224f540913f4ecec68ca33e21c8116ea7e,
b45c2be14b02ea7913a781d2b8f7715fe6527cf4,
b475f309478067ba20df66e44bc86ce602b97d5d,
b4a2a8626535dea8e9fc2f986bc7f9898c9d4307,
b4a705a04b999c8d8698d3bb5f98ed5e1144e942,
b4b4683571ca3c80647d7ad890d75b78813bea93,
b4d40004c89c57e68bde77f7cedeaf5dc0e5edee,
b506bf3978e13525f5ca9e8ccc7d72ab10c9ceca,
b51ab254ec88f0d0228f1be75149cc4285a8eac4,
b51b1aa74d0e07ecfdfe33a1cc14a56054c3a758,
b520e6b24712c953d51bd1ef6c9c093de7aff4ab,
b542be5d4b3bf082bd6b2dcbc0d64da5e3853dfc,
b55b818e7339985178076fd8e4056017d21b14b4,
b5745bc3701bb9646a20a45df73271d8f31bf652,
b57aa8841915fd37b120727441ef89b87f3ab046,
b604565d2ea45c34e95178e3c5b442f292dd9997,
b61bc7440968924b3590471a2860b3ba77208eef,
b61f0c0e3ab2502d3d35a14afb6e7fe16d3d330d,
b626b982eeffb603aecc36a4e40121b7b6aace3c,
b6356f154af9a6060e61ea92722f383b512502eb,
b643636cd299a518158ecc8e96c28da0be696599,
b64ff5e8273801f8ae6b15cff5798f9e9e52e390,
b664894d739a7d186ca22972d3b18237a712256a,
b6c3358bdf37dbd82abc3a496d27dbd72a1ccdd1,
b6e7da51ff115b87e703b35b810ae3a1328bac25,
b6e8abb748fd54e8c8575315b0a5a4f698a0cc06,
b6efd6ccf2f44f7f5cb74eac0413e1bb72d505dd,
b70d224e33b89831b6968f2d5a104e6d93d2f7aa,
b71287438ed288be2fa5dd24f51efdb175389828,
b73280dc27bca87082e3fdea936c207840c84d87,
b739a65caa715bb798a2c5c76a0f20e0528f65d3,
b76e9fc8ef7626511710790f2e5bf4309b09acac,
b780797c5e9552f902521ea4300a22c58fbc2fe2,
b791e1f489a6dd40d64d9091e4ac459b2c6b383e,
b795a8bf46887de18700669fa5fd7a70b4cec616,
b7b0fc28b7113cd57541ccf7783721b32cd3a210,
b7b7ae58a6e177fc7c694241f92ce229ec648224,
b7c33bebab8b9055192ebb2ad3ef842ff9afbd8a,
b84ae6c5a56f404994f89306cba9b34c5584b204,
b8f7372ae3496c9a8b6aab2ef3b52d5b9a16de46,
b904988eee391bd8a87c038a8bd5001c03e19279,
b91900098640d694f08be32f7777161cb156cdfc,
b995d9c5981b50d120581aa77c0d0c378649b43a,
b9f4b7436f5c74f1bd9b20bef107552ea8cb5409,
ba0f71f8e23f8931f7de803e1d35a654da518d46,
ba52e334ec4fa96283455ae90338d7388219db31,
ba77d8d5aab723ae5e0d10086b20bc5403314d24,
ba902f61479e0b09cef634cb91bc591ad0d98e7b,
ba90ebd3a17394b18bc01a157e088c67c3aed1a1,
ba9ba6041bfe0c0b52ef470055e57bbf54bf4929,
badc90a39f78352d78d1479ea9c537aefcd91b6c,
bae4afbeca0b2dbadde541be9e15576ac46b1bde,
bb09d5147ba271c7513851cf8f8accb22302af83,
bb8bbfc48e62b9421c4a2e61576a8c3a055db157,
bb9a85ea6f7a04dbee55f9e5e34b95302005eaf3,
bba6ce98b3e43c1ecda4066275182bd76adb660c,
bbaa364113d8b236bd6f49116144e3f03d44c88f,
bbac2afa8f62e696ec9a656e34d5cd6104409d41,
bbaea7e595056097f0c1149f48f4379bafb1a6ae,
bc069c45e99f2aaa674acbc1c12937c299eaa780,
bc2de1f864a53d31e7ce07dffddf79912c63f9dd,
bc463ef8b77182f396be06e53a66e462140da22c,
bc520a2fba9e40bb09c2b5ee357658e7f578deea,
bc628b9e3b8df93b7349178f4a75a8d6a72b18c1,
bc8916618a608478bea0f55c3ab43948e5d47b5e,
bc948712e4dd4de054d5434acfe1181a31eacd4c,
bca0dfc26e36dbccaa16d1fd1cad308e859ba9b3,
bca8fec213cbf66150c3b028e12fd31756da8761,
bcb8e9e4126ea5439d7d1814b359f532c50fa275,
bcd2ea0419e5168972e47582b8a8f15dca6fbb4c,
bd034f55090978deb59cfc8229e7e0cf0b31cde7,
bd0686a9c0bf7892d47dee5f8d61294997160a2e,
bd1bcb9eb50a387f81f567d24f07ee4ab8375526,
bd2e3fabeacf95271e69cffd3d5f5d9369b6e7e2,
bd411a4d45ba414ebedcbd8b3c3aa651671b4cb3,
bd5cf541b539459ffb8d07adc283022381153e5b,
bd6b0fefe7bf28739171cbab584a0c1874600760,
bd6e290b586a3dc1a39dbea9e8ca9888149bac1b,
bd743e58e318110fe2c419ac0bc3e7cc24610b49,
bd8f120b2869fb7cf912c04fff515fbdc9862bba,
bd91b470e748c1877aa16a0e9e737e4d881c0896,
bda1d3ec769e33cc54cf06d4abc304d15b076a36,
bdb7d7e4f575fee06755a4286a66bbc37f540402,
bdc56b345889e57aa94cade24bd5f7bc58f0848a,
bdd38ca0dac1924449d48e357eb9528a0e699e72,
bdeec65a22ec861c7b69e5ee4401dfcddb7f0a03,
bdf8c0ba2f41dcc66069d54309c84032ba07a167,
be73d28d5b783e41cb465e073f632aa363af75df,
be939f494523db8ae2da02b804ecee14f5f67081,
bf26a3ce015a19be08932e03f4793fdb99442e7d,
bf46c928755215f2067912410fb5348f532d4081,
bf48d5a9f01eb2c7cd4d2ac174333adfc32baa95,
bf662af826c7e0abbc08b06dcd9e71cb8a725d02,
bf7178f18877a3e6bb2adc4588e02b1ac24d8150,
bf8f7d245b07a10b176fefd78757bb9e91ea44ed,
bf99526d43e5eadda07303f46680ff76dff0035d,
bfa52b1c934d398815a83cb439a838c8c656060f,
bfd6ef1969602e292536792ec0a91f239ed6ce0a,
bfec1a437d3fbb86c66ba584a1203fc720ad4168,
bff93822188e1e3464992a27cb6674b8963e9b77,
c00ebedc3aee097edd5ef98f22aa8dd12325f65a,
c018088710bf4b156d423018b2e982b858bb9980,
c04a2c91c1a8cc7e16856b0479c7a8f4bb40d4d4,
c05d8f18fefe48c8a7c254aaa1e282a1b94f8652,
c06913654215403a33547b04d980954b56d35a93,
c06b6b718261d7629e0ddd6398f652e68390aba6,
c07546544fd6bfbf2a64f94023104faad249ae07,
c07ce55fa91274b77a8b69812cda70cafbfa79c3,
c0b250b1cbf51c65b2dfd7a16adfe0622c2fea70,
c0d3abf65c1dd6585e2b76b61a1b1ef11fb5885b,
c0dd5b067a1bba85513cb69b6d0cd5e9d40668ea,
c0e7c7b53b61484198b3e79dd8ddf3b4f5ca22bc,
c0eeb2d6759c26c84466a62069d849b76d450458,
c13c35676480e82d7068526d69e0e1900cb3737b,
c18881ba36846fd2901f0fa2f86772dfb493e1db,
c1af1165ee37ff025d8769feb8ea9e3418540451,
c1d009612006cb52718a3ecd7a3c8643200197b0,
c1e3ee4ceae464b5c982d658e9d4595d13dfce03,
c1e73f7b9e950f4312acd9ee5c0ffb5765788caf,
c1fc63d302a368ed40d3ee0e2ac124e80e98d3fc,
c200b83200bf719b6053305d2647b3e9a64da98d,
c218ddb68fac8e219e3420d72a8e286cf1590155,
c21d834bd1cf22ecd80948d53d7116ae4bfaaa38,
c2810872327a896965749098f75fc0a593489f3b,
c28559e08ddacd1231304da3c81403dcf9e2fceb,
c2d14134429cba1802e6d663f2c1bda490884286,
c2da721a842fadc2e9ca6da79d0441ffa2ef1922,
c2e121f348828593635b99884fa312f3b8672ed2,
c307122b3a4040938ee87cb430441530d002f674,
c322654268c39a2ceddf5b89846d3088786b1a7e,
c390b84cba084b6af04217357364a9d3e43688cc,
c395aab3ca94c15579020ddf1fb12ceb24d7b885,
c3a083778e036e6ba8dc42e1768318a12cd117b1,
c3d4ce4381b0aa0853247e11a9198f935aa6b94f,
c3e31c9faffbf6adfd283392d4d0695ae73b610d,
c4004c4faaec91c94b4e231b9c98f7ec41b470d7,
c40f3ff80729da314d24abfab2ae36460ac374c0,
c4191b1620c67f265b24c4eb4b49ffbbf7ffa34a,
c469b8386036efe0ba394bad0a9bc9970279d8ed,
c4844d9fde08368b6b1ae84ffa6ee48b7979e1e3,
c48b6e6bd9fcc6839b6e48a0b5e6c8500f850ba4,
c49378d39f63e85ecc355de09d2cd28c409e219e,
c49a568e6be013f9dd910cdf1c24fbdbfd8f6720,
c4a4b5339381bc4a9cb61ffca1a891fffdd6490c,
c50bf569d660a47a925b11f38efaac2bf1837ae9,
c52992f6c39c95088a1bf94d02d79869b13b1038,
c5d8d88f69462edd782930d58c56c4d4af65ee34,
c614b3c5655b061cbdee5847a48b6024443eecda,
c61f0a2275faa57cbd4fe7937ff34c6dfbdb1a61,
c6348764a0b02a4065b5b3b97b022050999416e1,
c63d8070f9dd64b8e2c734c3704dae67818a6b97,
c65202799fe1e41816818a0b4e4671aa0dac435c,
c657658277d77cb05f44463e6734b9ebcf11a59e,
c65e52c345e5b84ac36d0d4dfa1799cb84f07d54,
c673fd7cc38903ca5c82dd963e5462d7ffd89a83,
c67f09f66c947cfd871a8e7e2fa08a235299fdbf,
c6999dbbc0a73eb0543ac846935f1ac83256861a,
c69ab0e7bfabce621bfbad3d5e3b570f45b93d75,
c6ac8fec2856085cff6436e70e7c7ce8ce76e9f4,
c6b324b594b03828d7f16f96b794be817fd890fd,
c6b38f5a5458db2334fc47264d8b177da30d56dd,
c6be290f3f813c0c191c466fd072ce529ca249d8,
c6c9dcc2d287396a0e061deda818cc8a66bc47ca,
c6d233ee7be94e1f96f1431f33c0de61a4c53afe,
c6d644b1ddb7440dfb87d4354420902524d3eca7,
c6e558a4a951eb04cc69c97abc8b76ea601650c6,
c6ebf6eac8a82e18afcc4205f38536738eb154df,
c707c5b9a7a655661afc866496d27b4495138b73,
c7146bcb2c27188163977157e2a831df55090adc,
c72c8890ef25106ae65228382cc708376d9e524f,
c734ef12fd26b0da65dda8843896e0d3d85ccad3,
c7457a70aea70a451dac6e660d298ea3b5bad003,
c753eb962961a2d1bf59e742dc37fde2c51f522d,
c77de3d9207bd01d66776b8bed382847f909b289,
c78cd28da854870d751760813fcd4eea72cc7ae2,
c7fdc0b4154259b9a0f365ede281908f2479715a,
c81d5fb418075c5399797aa2f6b62bd4d79c9e51,
c83b64055f9d3a83318c9add2448fb881de795cc,
c85b3e51a769e84d821ae81066a94fc6067a6ea1,
c861459ba72c34ee4f8dcbd802edf9be59f6630d,
c8787e79d2e37139986003c2d375766a3d5122fd,
c8c3cea3fb6502bda59530b10fb9b68e099b0622,
c8f5cd547ca5e7df8b89314271b7658a0f1192e6,
c9430b5ae9b5dfe8dd6953b187bb29c03c2e1050,
c94bd22e82868e749619008485ed7715ef2eaf13,
c94e37ae88fc9d39c7fab0ca17123785d135a043,
c950f3c5c50c837b4a2d9865c98c4f1d7718ece1,
c951c3f795c8f60b599cd36c8c7d8d81b99684eb,
c952321494b14459fa4886532cd0b7f7df8103de,
c95753960ef587df8010013c0a03a0a69c1a1c0c,
c96531bcbc607f98c9ec8de2f6035061926e89b7,
c97d3b71cef5643ccb8b2428606fc21b1130fa3f,
c98a625da8aa9bd7409f2f0058b94079a24dba86,
c994f1551198898dce3e0aa1c99ca9d65ec6b71e,
c9b68963398a811e1126303223d2666901bcbc8f,
c9dc533c0b83681b42db4d77d0a99399ef6f794b,
c9e17e6f4f0f45ca2f5c65941255f19b64fe5945,
c9e36aac647cb42b1555050b52af119b25cf32ad,
c9ef956951bf56eb20a3591dc8b4c436f4647bf8,
c9f972fac72fad948f5adb0ea845f1c546853b85,
ca051873c252f2fd34c4e4db01801f8460f4c5bb,
ca1a049693a19c23096a1d5c06d78ac8451d58be,
ca20b607a2ca7126d16896d6e806aa923006a726,
ca2c754b086c0a90909003b23569e363f77376fd,
ca30b49038f440b42687fa4ce47a408ed780af5b,
ca3e988feeba17e3cfa8ecca295a8bbc2704ebbf,
ca407f74399930bca09f1d73e978452374a5c2b9,
ca5a871c35cdab2f01b6dff49145aeb4178feabb,
ca7ba3e7bb9bf55ae97f7935f55f734b667aa5ba,
ca9583412602e5a4e9277bb597c11c9e0566bb4b,
cac2e0209c6893d7b6f6cdefbdda76d48bc0f1d8,
cad5d95594584e014f4035558d1268f515cb70f5,
cadb4dea6ee63cefce92b7c5eb82d149f4a3e163,
cb06d5ded65653e7888e91df54f06255803164d9,
cb1a21a6c58e3e1053feb2b9a68619953df9486a,
cb1fb3254d8740b3b3f5161092594c65ed0b6386,
cb2b044b0ed62bd7a68397b536d0a13a0bfe93b3,
cb303c6ea6b62ca81c32e1a176551766e49c2288,
cb386f9f032f86b3faecdd10c22dd0228af2d426,
cb3994570ca71428a974fed2ed1535cd7dd2978f,
cb3ac5eb2528f5eb4d71d2d744d875d0024ad8fb,
cb3c103797c1511481086b35e4278911dd5196c5,
cb619ed9d76aaadb1254c61a5d2a024b1e5be67a,
cb7c1681b3ffe584c2e9a6988e126dd277581b3d,
cb7dec7447bf2d29b4d63ef513f43b29ba643e86,
cbc35ec0c5c78a6d1c59ca062af29de18a9a9adf,
cc67ab5442a96c64fa937e98ee837a8f9edd7e3c,
cc70264697e3103c1ef598860fdd770b4921d403,
cc7b87ee5eb00d6d4f744da1f6c37b50f45f8259,
cc7d14a919e41f3bb69d465d3bccea8daafc07bc,
cca1eb528378424bab917165095c56d3b5c17e88,
cd03dee294ec6b8e76050eac7ee53a5c179cf3be,
cd1400550f0d945df5f96bdc36c26b6e1a9da32f,
cd1968d1808952bebf52dde685cac55721cbbf79,
cd30afcfce59cf053bcb402deb239538451b087d,
cd669a5a35e6a738e7eb08757818464b4ea22d10,
cd71e1fc65feaec4904de085dd4b4a9ae2f1d689,
cdad23dbed9c4018197ecc89428d162c4a67706f,
cdb3c25742e0bad851c7d4836577f055621d62ba,
cddc2f61344ffb36cf3fff4efbb69ca628ab23dc,
cdfd02b48c43ba7bd741f94055dd7ff2aad976d1,
ce4888d64b5f6931981c501fee68e295d35b5110,
ce651ebc36d2841fd217e29b6b45858df1d745d0,
cecdc190b916780dcd3802d76ac153c4bd380e09,
cedcecc6f12aa00f90dd6b16a02dc4015f6964b5,
cf12040be85f5e1902537da618729f1ffaf16dbe,
cf1cf9bd3776c57209feb8a146174a4e887a58f9,
cf20a2d29ebf577fddc33a5a6bd30ba40569282a,
cf3d8e6e2f68d840ad5c3403927927bcd7b10d24,
cf3edb651a096d479cf3227f5ab6375206d546e2,
cf50f282e9f0197e1f7ad218666ee4a3c058e5a9,
cf76516a57cce6df0f397848bcfdc7070f7d6596,
cfeff0069315e882d9c6fa275081efa248828b98,
cfffafdbe40a8d7e79bd411a03051d982eedef5c,
d0366ac8feb46e216c50a36081d386b7e8d2e0c4,
d039d228e72b9f8960e6f9f5db3e74b539008d7a,
d0699be58310db66719173fe839a0474e5369a1e,
d0a756e733752f1d74ffc8865a74cc651ac060c8,
d0acd74629556d5051d03ee11affecc527d0eb04,
d0bec2f16beac5d627ad179be0b82c8dc821c0ff,
d0cc3d39a3c09cd6cb7042932b74c5154f102aec,
d102a9e3ee0197cf9c28312cad085a9c0b14a7e4,
d138dca8190e3fed932b00740e81fcb3ea4372aa,
d1762b3c1cbcacf6c9bd534c9d8a84936f32004e,
d18296d7f320e177daf39978f66e2f447d861d2f,
d19789f31d765bcb990b43ff701beb1ef007a05a,
d1cddf319e6f4201232aaa042c66e0149e6599a2,
d1dd9b34acc29286896e700fcf7e87f81ef2fa92,
d1ea1b4ff3310b113b5c5b1307c8a47652883307,
d21240a7692bc86a9924eb4f8e1abb6e505eb295,
d24002b368a6d69040ff986dcc2b889ec8f3595a,
d26999cb5376ea55d819109b1c889008834d534f,
d2874e9c3dfd3bc2383429682a88a696ab495787,
d287cfc2fe2f445d5a1a2d211d3bbd7732944536,
d2a3eecf5dca27d62750d0db1a4c7fbf9d083584,
d2ad76b2f49447f5ec002744f7668f446166c6af,
d2ae45275b034da3fdc1deae79e4a8ce2a05e088,
d2d38a899a4af7954935a4e63a6b919ce868b90e,
d2d4a3ad0add34ad3136bfc7e99b25cd344514ac,
d2f1f1efde729814a3bef93c0b0e5755d2beca04,
d30d6383ffe29ffa5cb85b821dfba824fc74ccf8,
d3263930ad76fdf2694f832ea366ebf75c9e2c8c,
d32688fb44b277265aa9954ae9b9b2e1d80cd670,
d3b94c504448c38a5da070b00cd5c29dee3f7375,
d3e23d4da1fb9b265645388079aba14202821074,
d414b851f4ba6c31ad171d4263ca60515fb7d884,
d4179e26b988aecbe75d5d220201abce5b18e769,
d42be61f11d4fbaf1fdeabf3f0115b348e154fe6,
d4329c3e1126830dafa8ef3506d3b449f29fffa0,
d43534141cb8bb06013333da017ef56a7436304a,
d4415ad9efa5bc501fec994e5d53ad649c6ec55b,
d4d600999b1f28bf0fcfba6bfb02ea207ac0a4a2,
d4fb137a5804c701d18fafd2a1f09dfe620cad96,
d504818cfdc2d5e97c19980e4df0a57103e9a787,
d5313f3b0b103715bc43bffadd3b41f1186e5a51,
d5bde70ac23722aa24cf41de39d7491d6a784bc3,
d5cb8c1f3d0bbc7e72e5f26d4dd1654dc4aa4c23,
d606b35a3bc165741d0eb16275dce11bd4917c32,
d60b068457c1e67ddeda79cf02772bf33284b542,
d61d48439e005799355d0b6a59652b9f74f5572f,
d6827690bc4104902e53a381c8e0cb7296db474f,
d68c68bd0bffdf7c6008a96e823533176386c987,
d6b18aaeba2cb8698d8d6ea5a879843cebeec868,
d6eb1c098de6fcc68347c450487f60273255929f,
d6fa6b7fc944f20d1206ae4166e3346cb86dc0cd,
d72bfbbcaa7b5786f55b9961033248cb062d7e6c,
d734194c8729a74dbbef0f3179e556dc9de1b4b8,
d735bd12840c8236eb17298f63a3382ae8daac9d,
d7690861991c215f447b110d83150ea1700d35e5,
d7a265f1e264d700ff15b56c2f7febbefabb0890,
d8217f680e653631aff3904d79fce328364c62ee,
d83e9d0f162e596162975f1e3670852c194da7d5,
d86606cc1a4840401160d9abcb6f52a5467be548,
d86cdf6d77cfe63fa18ef7272dad9746ff34999e,
d8d12a5c4ff882d8817e6f8d1552b14c2b5cc99d,
d8ea1cf4efa9bccb07dd064b571d606e88285543,
d8ff5dff60401ecd0a272a06011d2a80b936480c,
d90270ac68f88f256894e495fea214c2780f889e,
d936685e2f0ddf741916e6d1d1aed0340ac0e7ca,
d93db45df94a6444c60107433cf416f8c93a9813,
d942b46e96fbe2a3493f44aac2249fb5ff433cdb,
d95de95ff4e0b94021d94553405b3fd05e9e920a,
d966d9ebcb896222a4cf91e2e3dca35435366c65,
d997739191390afdf9ad232918e188ca71ddd9b7,
d9fa30eeedd5305b07cc76d37523f2b9e480d320,
da1f612382abf56873cca4bba555b0bf95a70b82,
da210b7b072991e5c83f64c44b6772acf20fa964,
da217cde1630257cb73cd0df0226a150361296a0,
da65fe13809a00fc4e922ee869a981af47368f0f,
da69b5e8efc7a169c85c031f7205a177e58280c7,
da71341522a6e909e6b447a0c459ab00b0fc6f46,
da7c74d4840622ce0dffec51073cc76b8b5d3815,
daa110d42c30783990d0f0c578cd8b310dd85452,
daef3c8ab902bb644ea5410c7cf3298ca9c78545,
daefcb1e09563d9b3c24ed6181fd011307e86a5b,
db06fe265085068b702f37d2892936279f342f63,
db1e952296753f12e45e89baf4579b7df23e30d0,
db25255e8d987b9eac23835e00f2af2d28d9da1d,
db26c41286a1aa64a2f8515aa1153f5209d312b2,
db733f8e76dc7a2c9879fcccb53249aa1fae0959,
db999b839deb7cc13d36f4ba3094f4477f9d95d3,
db9e9734484963ced7e263fb58669659516f62e0,
dbb173686a65914bb788ff6f4d9fd40d7d59c6d1,
dbfb73e888036d4960d80e5543dd30af8a76ec93,
dc0bf1ebb7cc097bda15157587a5a3695dfcee5b,
dc24c82f4bb8573dc8ea8cee05b4731f199735d6,
dc57c99fe43ad56c24b0a9e8fe2fa96ae2d27677,
dc5e77bf2e0ae2f59fe89d7c2fbdaebcb282d8c7,
dc73337b78a9115c6d7d16c9769e9d4a3d4b5536,
dc8a7490d7ba58f836d232b4a36a2aac1771e974,
dca88dd1598697cd8947fb7a40a361d4619aa6e7,
dcb0332262486d0cec2330f63e655dcf42334011,
dcc276a468aaf29084c8cb19b7c9a05b89c737e0,
dd2f634cda2d53725cb27dfd827e96d9a1bad05f,
dd3e989a597cdf877ee72ea1c602df5df85be5ed,
dd461ec70bed7f13ff5950cad77bb4e340a4c50b,
dd5f7f87996d8f53ec992f1e18345c715d4c6ba9,
dd701e886ae87a1c831948a64b33d891e00cb19c,
dda2db822eaeb8aebacc9e421d91501220eeee8b,
ddaa92daddca944329517c8082ad99d4035849d5,
ddca0507e9c10a2afafc894b2e67fa10064273de,
ddd4c2b39b0450aaf58a9bac79cdc83b60a026f6,
dddc6165a3512172ddf54ec838359e99ca3bd1b8,
ddf524180469be07718f81742686dfe8b29aaa7b,
de06493115db7ccf3a61b260b2832c723b225652,
de166b3b3e04501e0c0bae3829083b833450d630,
de1dc5dca7b9ed96f428b0e1a9ff3a2627527b64,
de236dedb1354ca97b71dd61ea171583ff3ef5d3,
de7898f380b1e4410e3d8d0d9cf2a8764d63af2d,
de8bf92664063dd7cb87f4fece16a9f8c031e46d,
de8ff3bfad6e15c4a773c2cda41ce08064e19c18,
de9ea3310c9010a821c18ef0bde0a639ad51676f,
deb59f81b440a32bba17ee063c8e8054bfa01ab1,
debbfe636078996c94478ad615e9870a2f0acd33,
debf00ba4b6de485784c71a9d0f7018ed64aa0aa,
ded8df036dc0859178b9af16d03b92ee9e3a0553,
df00cf8d623353981356cc5d6bfb062b07330992,
df13d56f8fc9c7152205742f648c8415254da800,
df18b2bb378cdbaaaf9c2bf6802dfec9981344c7,
df61c23a2af52d34814650ac036aa03b1a998490,
df85a4fbd4b5f42d2af8d3581c9d989e310bd6f8,
e057d4f93ad3e34ab5f20f45e33820df213c24ed,
e07448322ed3a17a7156c5105c809d0b6f51e442,
e086d49a47fece6b565de2618621b253d3d8ecf4,
e0c71c04d2fd549863a206494f1becac8ec1bcbc,
e0cc8c5343edbcf933e5dcb0e96c4dadaa338d04,
e0f8b65e0b1824f537afe967ae50b28dd0a94ae9,
e1393cd7d41f1d5fd69ca2944e947a7be477ab22,
e1531aed69e573a516a3deb90b7145e079e94f8c,
e170477f8ee19f9b2227d782cbd48f6c1cf91141,
e1847fac50ae4d43873f97e834dd95d7fe256b0a,
e1bbcb5dc2ffac99c670c317f418f37f7505a5b7,
e1c7d50c875b805af8cbce6a9dda30398dca6533,
e1eebeeac94c667015a2ceb65b005c137ea55612,
e20649909cae384eedaf859b9aeebe0ed4e45c22,
e231ab33123b80a51b5dd29f4b49ddfe9f863855,
e24fd69b5b83d59c27135d67f56e2ad715ec6714,
e26110d5b0dc12b827bf04a0b17fd137d16e60f2,
e261fbedae47c10d4f413b0d551a58a1cc689dc7,
e266efa148f69aab345b705719681251f63c9fd1,
e26f1c0f5b09ffc7140c7409ba80d5c952bd5582,
e27346f035d657f28b604e050604016e59a39bb9,
e28f04091b9135f5cc458f1e5de38ea5eae31e18,
e2a42700ab5a18936f64696733db9db9d5469703,
e2ca77f62c9dde9770dc949694183844c1f18a0c,
e2deb3803a315550e7fa9f218f3f1f46ba84663d,
e301d3af998cccd60664d2b04c8f3fba294a5c64,
e30c28b0356c848970004e81a30ae539b1e50779,
e31838429e784cf82e5fd6a59b000117fe9a02ca,
e34d88b6b0d0a297877cd37cfd0e6399b8a9b508,
e380a24f630762494d93c7c1960dff74586c09ea,
e3975e26cb8b79ba08a5d9dc6d592d341e066ccd,
e3e90c7670da0c31fb105bbda1e2572dd9ae3dd9,
e40290b7161cdb2a14b466b0a4641f1ef6df24ae,
e40af1864494cf6faa69db514b25681297a15f02,
e40c4596154a0077eaae42d41f8b070ce9b3cc43,
e44c581790035b0ab1ac79b113e6f00ab50579d9,
e44fc9c0e371a8a28174c6f68fc5cb2cb338c95e,
e465b2e037c873fb62c130709780ba88ec8ec66d,
e477730f98a09ee95970060605a337673e255846,
e4b007b4d5f20ba5218158e12cb59046a55daa8c,
e4f89c2e39601f3c0adbd0638cf603c31adeac12,
e5072ffca7f7c8490f7cec409f1df9f0825781dc,
e50b321d761afb783cf550fead82faf2cbfc25a1,
e569d66470d4290873dde3591cc3d6bd10b8b555,
e582acbf9b876a4047ef1a0415a1c42e66a01f39,
e5c3f8a5e8f84107653317f358746bacab6e704d,
e5ed8f4d9e2df1e9bff64524985ed0b42c2da25a,
e5edd14107c079cb8af8924cae2aba96db8a05ce,
e614d0e05c6a755fed64aa72880bf8648e5b2d44,
e62a683b104efdd74a86e1068bce3107b275b7c9,
e630ac26992e96c67d3e10bfa3896124cfba4c83,
e63ac1bd071966356869206eb3ae89a8dabed68b,
e661c1f75c1138ab3fd9d662b3846c5f69125858,
e6fa794e3f303c7f1bd6ead8f4311fd4a745c048,
e707969d113d088a34e24b12c1484599211fd6ee,
e752e3692d6d7852b2b6bf36691b7f0cf7479af9,
e76b220b6dc2fb89da619e49df06886a4187d1b4,
e7e6e8a7a1a9920835f500e31b41ef3aaa55ee28,
e80d552da16a4009c755c1ed2a3f324ffc4c6e5d,
e81666dc452beae1137fa596608946d3d179ee97,
e82e75eb28857c9b64b861acf32132b5e8d34c68,
e83bfdc90988521c63c5a6e9eb4e938162579173,
e84d6e0468f68085c699861695f7d25b4528176c,
e851a6327ef074fdc25084168d993efed759e946,
e877ff1c2125ad5388df34227ef7a97bdf551adc,
e87c28f8156f74a1c2e58a1d0e096dfdd0961d99,
e8adf23f4dc8d2885b3ef53ad133af4fcf41dbaf,
e8bd73f1d8e119dea3806b3478a344137be459b8,
e927714acf3fb867f44d79e83d7d8c72b3aa9042,
e92ffcc1d701ec48ef81efa0f28718f87a524270,
e95b243a5b4f530a048b90c9fa646dbdf03f0969,
e95ece27b9323c4d61a5736dc27557df186f936c,
e9743411cc8f0cd6ee15e7732a594acde3016aa3,
e998f6b57351b4d886877d2c25b931c5af02f7c6,
e9ae786729d68af37713a95246f68fe262c658c4,
e9b60ded31f37105d793ef89487afc2725b3d8e0,
e9c48497907d43369c833167c027d498a415525a,
e9c961bedef6067022ff095b544e2737345e9f99,
e9ca67df77ead15e7e5add155e91af4d0abedd7e,
e9e030d6493b9622bb4d809683ababf40cde6cd4,
e9fd1f54d1ca4ef608104374fba58b49892d4f14,
ea01bc4bfe7262bf76dbac4a9c23ce69a24554d4,
ea54968a57be5da2c5d341073d2ec6e9e0080446,
ea54ec61b6fa90b3f2ad296ab1046fbfd3b3cb7c,
ea754e988aac80756673f47a1b501c861ec66c15,
eaa353868c7856af8c57cd96ac02c778b6e7d402,
eaa421707f81123e05571c624c830d8b97b5434e,
eaa6483c02273a069d2d64d0a8b4d65dfa7a7832,
eab4e254cf47174c4dbf5908f2aeec128a63dcc6,
eae425b1d1959220fbe76be8fb5cd44225e19bdf,
eb3734aa442fd7dd455b67f675ffe9b47403559b,
eb4630c6ba301978cd874262ffcc4b2e1cdb34ca,
eb54d5ca906c6649306c688d7a77ef266c7dbc9f,
eb600401d432db6bbb476a7885fd2763cbf465bc,
eb69ae5addee94d28041aad8458d3cda8a7a53f2,
eb702b3a8c3e0d1f8e171926a5e499675f06c135,
eb96fe616a86da9a45e23b88f34d461d0fa0def2,
ebb529b9ae7b45e75e4e99dc0fcea989b7e59f9b,
ebc5aa874bca4f5238114d8a24867c7b7945b745,
ebce09d934a3ba361f4776994b12f2e6e15f8b8e,
ebdfde6841a5df9156a0690066ca635465f518ab,
ec0de70cdedb03030a44d7fc8901edb7af751bb1,
ec15718218291b1977f8ac84ccb0f8012e85d098,
ec2d88d50848fc5cd48eee2b42c951af5204baa6,
ec4c44bb5ab197f1d7bea8644376ad6b09b04538,
ec761877acbe128b56d1fe4f78dc657501311259,
ec961262c8c1ff82693f749a919d5e5a8c12757b,
ec9f47416fe2d599d1ada432e9e0234e2d03d578,
eca24273bc620a9fa04087eb44c9332b20459bad,
ecbb4bb0ce39c8651d0daa13f3d6121553351149,
ecd16fc4874e7714edae717629796b839b895d1d,
ecd719501ff637b5e52563180953ec800d2cd686,
ece948b938ec1ad610257d879b93560d04e45952,
ecfb48f1d12d836ebd51eb8e93018494a676a456,
ed3e53aa1251c9d31d8d2d11cc4a997b4ce4fbe7,
eda4347fce709f9ad6330a7c5a4da6f04bd8b7b6,
edb0a93e414e2a4cb62a101fed70886586651e28,
edbc6e8ea141a672d13db0740ef9e1aa719da8cb,
ee1fa4e337df3a9dd303611bd2cb86a9b197d515,
ee380aba68a1da45cad7d537e644781458737051,
ee4a0f41af7ba542eb453a604ef00a21214acd2a,
ee4d9b0e0a1b70499adc1d0c82a7bb7a4e190eae,
ee73b60ecc0b0eb7cebc6e09055e688a80a91dec,
ee7623330857d9969e9efd29dd6c9c22de3b03a1,
ee7f8e2a263eeb332eb95568726419a6c758892f,
ee863bd9130e77c7e1b4bbba0faadb9a25c559a1,
ee86b784e39807d818821ddcd6d448b2472f7a4f,
eea18337da3ef6b824bd9d27fa0c24fb0e80780e,
eeccda20b2d2d37e9e1cbaea7d6304b05fb5c890,
eef5dc5615bc433164bf95eda8ad82285c8b5830,
ef0cf780729a77599ecd5fc66b36c84ea9f5fa03,
ef12de0da55fa21061feb6d7526efc4e2242e6a3,
ef2af367a139cbb03bbb8d959a670033797d59a3,
ef939ec40710e54a31b08b072adbda9cff3100f6,
ef93c3332067a9eeeb8007713c22e1a193cd9f45,
efe0e21baa66d511e534df05889e646950f55d51,
efe9eb49757d12d120446e90d9786134b1f0e73b,
f010847fab894afd4b56a71f1d699125cd236178,
f010f0f66936a25c9d974aba0cd2acbeb8418e76,
f0195ddd830101c154d5247461fdadf6cb713ec0,
f058347bce13e0d408f0c94bffc5937317e6a818,
f08977a7b73357b9438886d7ab020d1f754ee49b,
f16dbb30cadd3332c81cb870a8f05b4c3a46293d,
f186a81230790a678cf4e4d54720d6c15d8fecd7,
f1886b95babb92d832b07025903a2c3431a24afc,
f1b501efbb831240d069e8f38ad450b00fc2d9dc,
f1b7ba40e705d5ebfdb30b8f077b7004f58cd493,
f1e39f51bffd907d9fda8f03bb63df42c6396094,
f244d36bc33dd56bdc76f2a50a409809b473356c,
f27859d8fb0caf0fb71390976c15bf915d5f4317,
f282e7907cf7ecc59e2feb307823ed823248b3fe,
f29f9d86895d1c1cd2f6550ab211aee8b0d72b08,
f2a656e75b2a519b6e657a41ca9df22f688de5d5,
f2ed36af47137ca958c82b90c07cc44ac27e8c88,
f30690b547dd655b9e60f0466782874d771e7811,
f3242ad6d4f7870f77e89d171736fd12693d69b4,
f33c8864639da5b45aafe21617fd541c8e1b9141,
f344f907b9003ca3f99bd0ba8389f6e1143e7e6f,
f35b36a68e5848fa7b8a6748fca32ee95aa2ebaf,
f36b8ff65079a83e845ef017136787c94575de8e,
f36c4b80757467339e1d771e1056d08735760978,
f3b08ea6e2de4671a6c841a1e599ad2807d1ef27,
f3b0df3af4e13587dfcf83eef67b89daf16dcd8c,
f3b70b37059b1c26076e15ff9e399c334bafa9c9,
f3c7c4b6071e3d7ddd645e02db8cc84b52c52845,
f3d78381cecc5019854a588191790f0cdf64f620,
f41568f9961498a0bb74053e4b0cffbaaa0d877a,
f467714198b335235aeaf4fc475e9f83a3f34464,
f4a6c645dcb0844bcc6bd2c471b9b509c12ecb95,
f4b2795a15f59f2ed9f79e3e3691e73dae37c293,
f4f87f5e87e047d64d0a49508243d3e96c140c15,
f50457914899eacc830f29a8596e3e35431bee94,
f50a6c62783837bbad1a082cf6c7cde49bb5e859,
f5406d5fa9cf521f8b0cc16975ee9f4ccb7a9159,
f5744fb7ad28bed8fe0ade2aced4272952af6538,
f57c68e547246510c47ebf4280857856fb8829c6,
f58d8c77991d5aafdd6d169b720f7157090c3059,
f5be8adfb1172ae2e5d4a73b4b01d03dbc0045c2,
f5ed9d849928f021e5c176c330087917b83d793a,
f6265f1323d404e0397a7d5f9384e1883dd2eefd,
f638da040f1a7bf45b840aba30a7f0ca0ab1fde9,
f63bc4642c369b7d5dbc7dc70522d6722897a26d,
f666ef5176d13108adee3c2ac361054062a99b34,
f66c53f0fa348aa7924c497d897f5b1ee0ed45a2,
f675292aef91dfdb0594c257a5fce0548fec04cf,
f6785198f32dbc7259ce5e77333a8e67a7897fe7,
f6a855db5172a8f68fefd916d48f48c1b3317bc4,
f6cf1bfc29fdb25fad95b88f88a7a2cd74f54c27,
f6ee223331bce0a05a20e73777e9902fbc1a516c,
f702984dda0b11a80d814775f67643e63a0ed743,
f71131a39819078e7e071d665ca761bddfd99922,
f71b8c481d2b51839fb42da001fe75d6ecc32656,
f72fb64f0b90129d9392ed1763a884edd4ec4e73,
f74ec9eb5f6815f6c4d7bcf0dea4198911ed30af,
f754b74028206fa15d39f3256242e7b10a2fa7c2,
f76d293bb925ece7e0bbe914f699b4ce32a9e01b,
f78ae44c3ece3f90ef81e808de14dd861f51080c,
f78e5b5d9e81d7a868bce8714cdf650bdfa64c8b,
f7d50d0ed4fac603f602d8b881098cac1240dec5,
f7db257307248ac50e28bd498b8dc18f4d7b3194,
f858ee10b0007c30be68c4b9055d15710798e79f,
f86be566a289bd8aa829b1ea4d5252e5d53aeb80,
f86df5422efe79c783fa8cbb9811c68c18d76e0d,
f88b042da3a9c3d6df05636b71bf5d9db0e40fc7,
f902a92c8c9f86cd5557e5e0dd8f9b6c0f301b93,
f91dff46177f6453b0a86f939354be3dec74911b,
f92c7bd6298bf88fc214a65446b4312d82977b1a,
f939fde1852151f4fa5938212497bbc5de36e6b7,
f9521f5c22db6cd4adeee67e68ce7b8a0affd84a,
f9612e9ce4f7ead942498f5b9dff2b1780ef5be4,
f965bca79f04c42bb895ca7a800601b782215b00,
f967811f416a74d6e011ec6043945c1bbf7109cd,
f96f662517f463b47eb2015085e3db72f554eac9,
f994ea7d5dd85388d410e37ca64255c677f26053,
f9e92bb32e98f2e1f7bc03018635f519d8901b0a,
fa06d420501f5e21ff7cbcadbe093e87de0dc303,
fa236b17b5f701c2f4f388eed6d5032ec8eb7ae7,
fa55ab76c5723e6aa3fcde01b0707af05dded67e,
fa6d8384b74f698a72aeb7a7daaec4aa79739009,
fa7a753bbe74ff767dff14648d2c271d05e6b145,
fa7af18085e102374ae52e96dd9c7afdb0d98938,
fa8c78668ec63b499170bc9583d938aef2d62cd9,
fa98febf83a50fa72dbd2e12abdb9e312c4e571f,
faab4fd75ad1abfa103cd10092387e93ea2d7165,
fad6a638b0f96de146088819b0efe940685fdbd3,
fb101e7aa77dfe7265f86a306634dc79a5fe6091,
fb3b3b08b83d81cca758ee711601e172d41c788a,
fb4f1746fb42ddb0e7958dd9b071613263e145f1,
fb73711a58ff1221c231959da4836fba69d28157,
fb7b465d52a9f46c0a05537f18f1138b1d47fa91,
fb7ee666663ed5f935ec22ac393411b83e1bb973,
fb8059109e9eef474ffc7b4f781dd5a0abc74fb5,
fb854833791d51bdabe6dbfa81014be03960de8e,
fb9cca0fea9f9d14fe1ad1f9c262a422a2d95b78,
fbc0ea9c266f3f8d9c3db46176d8ccd60a867fb6,
fbe40140555d8e473d5ea186ff3b9fe328f2ea9c,
fc3caf668af51829f1d61023de7d830cc7e73c9b,
fc456d5c4586e73f17d90074c9fe1589ecf73079,
fc4851f69d6e507ad034c94eca76e9a11c0faeb1,
fc48c1d48bfe32adc539011b3c486e10d14c9ab4,
fc4af30145831283a0e7510ce3574877ff9efac4,
fc6569af43d82766945d79484658b38a7d8375cd,
fc95c84ed0e4d6a7f70dc96d8b5988cab7423d12,
fc9bd07a7c3e75e5d09ccc8cfc7e07b18c59a9aa,
fd53c08608993a493da30dd846e84b087f62951a,
fd6440e367d5771d5b7f45dd1b4929b4f04c79de,
fd79433a587396d92f26d50f6be8773310196b2e,
fdb5cad7fd47dc87091520e062c4ae18bcaf3c55,
fde4c9182913087ad3047dc9b3d31d3d20c2ceaf,
fdf4304488805cfc92d6954d65a746d6dd1dedf9,
fe0829c2a7b67de20992fea4e8be46e1ace49f61,
fe213e9f71eb876f289acf6957ffe225199e572c,
fe44777bb087a7a624c860435907a36af54f63c9,
fe4e7f872ef6f08d48d4a03ac674c22f0fd31a7a,
feb540d1c31b89c33d216d25832b93ee51e26bd2,
ff4a8b802aafcc86e819d2374a169f36193c176d,
ff5782911227035de1467ec91aebbd765f6f339b,
ff651c50e0db79dec7b2b9b6a5dca650f0a69d4c,
ff7b0bf442fe82f6567a1d7bfac68b2027ab5a04,
ff82d0f616b47bf28de60acccede055f587b6cbd,
ff966eea1f2f5e9397607006a6c20d399ec70432,
ffaedd31a94d6a5b7037d7665424411e6fa48053,
ffe0c349f5fa0790fab750b3cbde51b193491ba1,
